,name,rate,delivery,menu,out_of_zone_available,time_available,address_by_str,address_by_geo
1,ساندویچ ممتاز,4.3,"45 تا 55 دقیقه
میانگین زمان ارسال","[{'name': 'پیتزا مخصوص', 'price': 'قیمت از 60,000 تومان', 'primarythings': '', 'discount': '0'}, {'name': 'پیتزا رست بیف', 'price': 'قیمت از 110,000 تومان', 'primarythings': '', 'discount': '0'}, {'name': 'پیتزا گوشت و قارچ', 'price': 'قیمت از 105,000 تومان', 'primarythings': '', 'discount': '0'}, {'name': 'پیتزا پپرونی', 'price': 'قیمت از 85,000 تومان', 'primarythings': '', 'discount': '0'}, {'name': 'پیتزا مرغ و قارچ', 'price': 'قیمت از 95,000 تومان', 'primarythings': '', 'discount': '0'}, {'name': 'پیتزا چهار فصل سوپریم', 'price': '130,000 تومان', 'primarythings': '', 'discount': '0'}, {'name': 'پیتزا شیکاگو', 'price': '105,000 تومان', 'primarythings': '', 'discount': '0'}, {'name': 'پیتزا میکس آمریکایی', 'price': '125,000 تومان', 'primarythings': '', 'discount': '0'}, {'name': 'پیتزا چیکن باربیکیو', 'price': '125,000 تومان', 'primarythings': '', 'discount': '0'}, {'name': 'پیتزا ویژه ممتاز', 'price': '130,000 تومان', 'primarythings': '', 'discount': '0'}, {'name': 'پیتزا کنتاکی', 'price': '105,000 تومان', 'primarythings': '', 'discount': '0'}, {'name': 'پیتزا سرآشپز', 'price': '145,000 تومان', 'primarythings': '', 'discount': '0'}, {'name': 'پیتزا میکس گوشت ومرغ بزرگ', 'price': '130,000 تومان', 'primarythings': '', 'discount': '0'}, {'name': 'پیتزا سبزیجات', 'price': '37,000 تومان', 'primarythings': '', 'discount': '0'}, {'name': 'پیتزا مارگاریتا', 'price': '35,000 تومان', 'primarythings': '', 'discount': '0'}, {'name': 'همبر ویژه ممتاز', 'price': '70,000 تومان', 'primarythings': 'یک عدد برگر دست ساز ۱۰۰% گوشت گوساله ۱۲۰ گرمی، قارچ و پنیر، یک ورق ژامبون گوشت ۷۰%، کاهو، گوجه، خیارشور، نان گرد', 'discount': '0'}, {'name': 'همبرگوشت با سالاد', 'price': '55,000 تومان', 'primarythings': 'یک عدد برگر دست ساز ۱۰۰% گوشت گوساله ۱۲۰گرمی، ۶۰گرم الویه مرغ، کاهو، گوجه، خیارشور، نان گرد', 'discount': '0'}, {'name': 'دوبل برگر', 'price': '96,000 تومان', 'primarythings': '۲ عدد برگر دست ساز ۱۰۰% گوشت گوساله ۱۲۰ گرمی، کاهو، گوجه، خیارشور، نان گرد', 'discount': '0'}, {'name': 'تاپ برگر', 'price': '85,000 تومان', 'primarythings': 'یک عدد برگر دست ساز ۱۰۰% گوشت گوساله ۱۲۰ گرمی، یک عدد برگر مرغ ۱۲۰ گرمی، کاهو، گوجه، خیارشور، نان گرد', 'discount': '0'}, {'name': 'رویال برگر', 'price': '75,000 تومان', 'primarythings': 'یک عدد برگر دست ساز ۱۰۰% گوشت گوساله ۱۲۰گرمی، ۲۰۰گرم قارچ و پنیر، ۲ورق ژامبون گوشت ۷۰%، کاهو، گوجه، خیارشور، نان گرد', 'discount': '0'}, {'name': 'چیزبرگر', 'price': 'قیمت از 65,000 تومان', 'primarythings': '', 'discount': '0'}, {'name': 'قارچ برگر', 'price': '65,000 تومان', 'primarythings': 'یک عدد برگر دست ساز ۱۰۰% گوشت گوساله ۱۲۰ گرمی، قارچ و پنیر، کاهو، گوجه، خیارشور، نان گرد', 'discount': '0'}, {'name': 'همبر بوقلمون با قارچ و پنیر', 'price': '53,000 تومان', 'primarythings': 'یک عدد همبرگر بوقلمون ۱۲۰ گرمی، قارچ و پنیر، کاهو، گوجه، خیارشور، نان گرد', 'discount': '0'}, {'name': 'همبر مرغ با قارچ و پنیر', 'price': '53,000 تومان', 'primarythings': 'یک عدد همبرگر مرغ ۱۲۰گرمی، قارچ و پنیر، کاهو، گوجه، خیارشور، نان گرد', 'discount': '0'}, {'name': 'همبرگر گوشت', 'price': '50,000 تومان', 'primarythings': '', 'discount': '0'}, {'name': 'همبرگر مرغ', 'price': '38,000 تومان', 'primarythings': '۲ عدد همبرگر مرغ ۱۲۰گرمی، کاهو، گوجه، خیارشور، نان گرد بزرگ', 'discount': '0'}, {'name': 'همبرگر شرکتی', 'price': '25,000 تومان', 'primarythings': 'یک عدد همبرگر شرکتی ۶۰%، کاهو، گوجه، خیارشور، نان گرد بزرگ', 'discount': '0'}, {'name': 'همبر بوقلمون', 'price': '38,000 تومان', 'primarythings': 'یک عدد همبرگر بوقلمون ،کاهو، گوجه، خیارشور، نان گرد', 'discount': '0'}, {'name': 'همبرگر نیم\u200cمتری گوشت', 'price': '96,000 تومان', 'primarythings': '', 'discount': '0'}, {'name': 'همبرگرنیم متری مرغ', 'price': '72,000 تومان', 'primarythings': '', 'discount': '0'}, {'name': 'همبرگر نیم\u200cمتری شرکتی', 'price': '46,000 تومان', 'primarythings': '', 'discount': '0'}, {'name': 'همبرگر نیم\u200cمتری بوقلمون', 'price': '72,000 تومان', 'primarythings': '', 'discount': '0'}, {'name': 'ویژه نیم متری', 'price': '126,000 تومان', 'primarythings': '۱۰۰ گرم گوشت چرخ شده گوساله، ۱۰۰ گرم فیله مرغ سرخ شده، قارچ، پنیر پیتزا، کاهو، گوجه، خیارشور، کلم، نان باگت نیم متری', 'discount': '0'}, {'name': 'ساندویچ هات داگ با پنیر نیم\u200cمتری', 'price': '59,000 تومان', 'primarythings': 'هات داگ ۷۰%، پنیر، کاهو، گوجه، خیارشور، کلم، نان باگت', 'discount': '0'}, {'name': 'فلافل با قارچ وپنیر نیم متری', 'price': '58,000 تومان', 'primarythings': '۸ قرص فلافل، ، کاهو، گوجه، خیارشور، کلم، قارچ وپنیر ، نان باگت نیم متری', 'discount': '0'}, {'name': 'ساندویچ رست بیف نیم متری', 'price': '125,000 تومان', 'primarythings': '', 'discount': '0'}, {'name': 'ساندویچ هات داگ باقارچ وپنیر', 'price': '63,000 تومان', 'primarythings': '۳۰۰گرم هات داگ ۷۰%، پنیر، قارچ، کاهو، گوجه، خیارشور، کلم، نان باگت نیم متری', 'discount': '0'}, {'name': 'ساندویچ خوراک', 'price': 'قیمت از 56,000 تومان', 'primarythings': '', 'discount': '0'}, {'name': 'ساندویچ مرغ نیم\u200cمتری', 'price': '86,000 تومان', 'primarythings': '۳۰۰گرم مرغ آبپز، قارچ، پنیر، کاهو، گوجه، خیارشور، کلم، نان باگت نیم متری', 'discount': '0'}, {'name': 'ساندویچ جوجه نیم\u200cمتری', 'price': '86,000 تومان', 'primarythings': '۳۰۰گرم فیله مرغ سرخ شده، کاهو، گوجه، خیارشور، کلم، نان باگت نیم متری', 'discount': '0'}, {'name': 'ساندویچ الویه', 'price': 'قیمت از 19,000 تومان', 'primarythings': '', 'discount': '0'}, {'name': 'ساندویچ ماکارونی نیم\u200cمتری', 'price': '48,000 تومان', 'primarythings': '۳۰۰گرم ماکارونی، سویا، کاهو، گوجه، خیارشور، کلم، نان باگت نیم متری', 'discount': '0'}, {'name': 'ساندویچ ترکی نیم\u200cمتری', 'price': '105,000 تومان', 'primarythings': '۱۰۰گرم گوشت چرخ شده گوساله، ۱۰۰گرم فیله مرغ آبپز، کاهو، گوجه، خیارشور، کلم، نان باگت نیم متری', 'discount': '0'}, {'name': 'ساندویچ ژامبون گوشت باقارچ وپنیر نیم\u200cمتری', 'price': '70,000 تومان', 'primarythings': '۳۰۰گرم ژامبون گوشت ۹۰%، کاهو، گوجه، خیارشور، کلم، نان باگت نیم متری', 'discount': '0'}, {'name': 'ساندویچ سوسیس بلغاری نیم\u200cمتری', 'price': '72,000 تومان', 'primarythings': '۳۰۰گرم سوسیس بلغاری ۷۰%، کاهو، گوجه، خیارشور، کلم، نان باگت نیم متری', 'discount': '0'}, {'name': 'ساندویچ کوکتل نیم\u200cمتری', 'price': '52,000 تومان', 'primarythings': '۳۰۰گرم کوکتل ۶۰%، کاهو، گوجه، خیارشور، کلم، نان باگت نیم متری', 'discount': '0'}, {'name': 'ساندویچ کالباس خشک نیم\u200cمتری', 'price': '66,000 تومان', 'primarythings': '۳۰۰گرم کالباس خشک ۷۰%، کاهو، گوجه، خیارشور، کلم، نان باگت نیم متری', 'discount': '0'}, {'name': 'ساندویچ هات\u200cداگ نیم\u200cمتری', 'price': '40,000 تومان', 'primarythings': 'هات داگ ۷۰%، کاهو، گوجه، خیارشور، کلم، نان باگت', 'discount': '0'}, {'name': 'ساندویچ جگر نیم\u200cمتری', 'price': '56,000 تومان', 'primarythings': '۳۰۰ گرم جگر مرغ سرخ شده، کاهو، گوجه، خیارشور، کلم، نان باگت نیم متری', 'discount': '0'}, {'name': 'ساندویچ فلافل نیم\u200cمتری', 'price': '35,000 تومان', 'primarythings': '۸ قرص فلافل، ، کاهو، گوجه، خیارشور، کلم، نان باگت نیم متری', 'discount': '0'}, {'name': 'ساندویچ زبان نیم\u200cمتری', 'price': '38,000 تومان', 'primarythings': '', 'discount': '0'}, {'name': 'ساندویچ مغز نیم\u200cمتری', 'price': '36,000 تومان', 'primarythings': '', 'discount': '0'}, {'name': 'ساندویچ مغز و زبان نیم\u200cمتری', 'price': '37,000 تومان', 'primarythings': '', 'discount': '0'}, {'name': 'ساندویچ کتلت نیم\u200cمتری', 'price': '13,000 تومان', 'primarythings': '', 'discount': '0'}, {'name': 'ویژه ممتاز', 'price': '65,000 تومان', 'primarythings': 'گوشت چرخ کرده، فیله مرغ، قارچ، پنیر، ژامبون، سس مخصوص', 'discount': '0'}, {'name': 'خوراک ترکی', 'price': '55,000 تومان', 'primarythings': '۵۰گرم گوشت چرخ شده گوساله، ۵۰گرم فیله مرغ آبپز، کاهو، گوجه، خیارشور، کلم، نان باگت ۲۵ سانتی متری', 'discount': '0'}, {'name': 'ژامبون گوشت باقارچ وپنیر', 'price': '45,000 تومان', 'primarythings': '۱۵۰گرم ژامبون گوشت ۹۰%، قارچ، پنیر، کاهو، گوجه، خیارشور، کلم، نان باگت ۲۵ سانتی متری', 'discount': '0'}, {'name': 'ساندویچ خوراک', 'price': 'قیمت از 30,000 تومان', 'primarythings': '', 'discount': '0'}, {'name': 'ساندویچ الویه', 'price': 'قیمت از 21,000 تومان', 'primarythings': '', 'discount': '0'}, {'name': 'ساندویچ خوراک مرغ', 'price': '45,000 تومان', 'primarythings': '', 'discount': '0'}, {'name': 'ساندویچ خوراک جوجه', 'price': '45,000 تومان', 'primarythings': '۱۵۰ گرم فیله مرغ سرخ شده، کاهو، گوجه، خیارشور، کلم، نان باگت ۲۵ سانتی متری', 'discount': '0'}, {'name': 'ساندویچ سوسیس بلغاری', 'price': '38,000 تومان', 'primarythings': '۱۵۰گرم سوسیس بلغاری ۷۰%، کاهو، گوجه، خیارشور، کلم، نان باگت ۲۵ سانتی متری', 'discount': '0'}, {'name': 'ساندویچ کوکتل', 'price': '28,000 تومان', 'primarythings': '۱۵۰گرم کوکتل ۶۰%، کاهو، گوجه، خیارشور، کلم، نان باگت ۲۵ سانتی متری', 'discount': '0'}, {'name': 'ساندویچ کالباس خشک', 'price': '35,000 تومان', 'primarythings': '۱۴۰گرم کالباس خشک ۷۰%، کاهو، گوجه، خیارشور، کلم، نان باگت ۲۵ سانتی متری', 'discount': '0'}, {'name': 'ساندویچ جگر', 'price': '30,000 تومان', 'primarythings': '۱۵۰گرم جگر مرغ سرخ شده، کاهو، گوجه، خیارشور، کلم، نان باگت ۲۵ سانتی متری', 'discount': '0'}, {'name': 'ساندویچ ماکارونی', 'price': '26,000 تومان', 'primarythings': '۱۵۰گرم ماکارونی، سویا، کاهو، گوجه، خیارشور، کلم، نان باگت ۲۵ سانتی متری', 'discount': '0'}, {'name': 'ساندویچ فلافل', 'price': '22,000 تومان', 'primarythings': '۵ قرص فلافل، کاهو، گوجه، خیارشور، کلم، نان باگت ۲۵ سانتی متری', 'discount': '0'}, {'name': 'ساندویچ کتلت', 'price': '7,500 تومان', 'primarythings': '', 'discount': '0'}, {'name': 'فیله سوخاری 3 تیکه', 'price': '99,000 تومان', 'primarythings': '', 'discount': '0'}, {'name': 'فیله سوخاری 5 تیکه', 'price': '125,000 تومان', 'primarythings': '', 'discount': '0'}, {'name': 'فیله سوخاری 7 تیکه', 'price': '140,000 تومان', 'primarythings': '', 'discount': '0'}, {'name': 'سینی ویژه ممتاز', 'price': '260,000 تومان', 'primarythings': 'یک عدد پیتزا مینی مخصوص، ۳تکه فیله مرغ سوخاری ۶۰گرمی، بشقاب هات داگ ۷۰% قارچ و پنیر، ۳۰ گرم قارچ سوخاری، ۵۰گرم سیب زمینی سرخ کرده، سس مخصوص، بدون نان', 'discount': '0'}, {'name': 'خوراک کیلویی', 'price': 'قیمت از 90,000 تومان', 'primarythings': '', 'discount': '0'}, {'name': 'نان گرد', 'price': '4,000 تومان', 'primarythings': '', 'discount': '0'}, {'name': 'سالاد الویه کیلویی', 'price': 'قیمت از 33,000 تومان', 'primarythings': '', 'discount': '0'}, {'name': 'خوراک ماکارونی کیلویی', 'price': '75,000 تومان', 'primarythings': '', 'discount': '0'}, {'name': 'نان نیم\u200cمتری', 'price': '7,000 تومان', 'primarythings': '', 'discount': '0'}, {'name': 'نان کوچک', 'price': '3,500 تومان', 'primarythings': '', 'discount': '0'}, {'name': 'قارچ و پنیر کوچک اضافی', 'price': '15,000 تومان', 'primarythings': 'توضیح دهید، به کدام ساندویچ اضافه شود؟', 'discount': '0'}, {'name': 'قارچ و پنیر بزرگ اضافی', 'price': '22,000 تومان', 'primarythings': 'توضیح دهید، به کدام ساندویچ اضافه شود؟', 'discount': '0'}, {'name': 'سس پمپی', 'price': '15,000 تومان', 'primarythings': '', 'discount': '0'}, {'name': 'سس تکنفره', 'price': '2,000 تومان', 'primarythings': '', 'discount': '0'}, {'name': 'مخلفات بزرگ', 'price': '20,000 تومان', 'primarythings': '', 'discount': '0'}, {'name': 'مخلفات کوچک', 'price': '15,000 تومان', 'primarythings': '', 'discount': '0'}, {'name': 'قرص فلافل', 'price': '1,700 تومان', 'primarythings': '', 'discount': '0'}, {'name': 'سیب\u200cزمینی', 'price': '40,000 تومان', 'primarythings': '', 'discount': '0'}, {'name': 'با پنیر ساندویچ کوچک', 'price': '12,000 تومان', 'primarythings': '', 'discount': '0'}, {'name': 'با پنیر نیم متری', 'price': '18,000 تومان', 'primarythings': '', 'discount': '0'}, {'name': 'با قارچ', 'price': '3,500 تومان', 'primarythings': '', 'discount': '0'}, {'name': 'با قارچ نیم متری', 'price': '7,000 تومان', 'primarythings': '', 'discount': '0'}, {'name': 'قارچ سوخاری', 'price': '40,000 تومان', 'primarythings': '', 'discount': '0'}, {'name': 'سیب زمینی تنوری', 'price': '70,000 تومان', 'primarythings': '۱۵۰گرم سیب زمینی تنوری، ۱۵۰گرم قارچ و پنیر', 'discount': '0'}, {'name': 'سیب زمینی مخصوص تنوری', 'price': '80,000 تومان', 'primarythings': '۱۵۰گرم سیب زمینی تنوری، ژامبون، ۱۵۰گرم قارچ و پنیر، ۱۰۰گرم ژامبون مخلوط مرغ و گوشت ۹۰%', 'discount': '0'}, {'name': 'سس سیر', 'price': '5,000 تومان', 'primarythings': '', 'discount': '0'}, {'name': 'سالاد کلم', 'price': '10,000 تومان', 'primarythings': '', 'discount': '0'}, {'name': 'سمبوسه پیتزایی', 'price': '5,000 تومان', 'primarythings': '', 'discount': '0'}, {'name': 'سمبوسه سیب زمینی', 'price': '4,000 تومان', 'primarythings': '', 'discount': '0'}, {'name': 'نوشابه', 'price': 'قیمت از 8,000 تومان', 'primarythings': '', 'discount': '0'}, {'name': 'آب معدنی کوچک', 'price': '5,000 تومان', 'primarythings': '', 'discount': '0'}, {'name': 'دلستر', 'price': 'قیمت از 13,000 تومان', 'primarythings': '', 'discount': '0'}, {'name': 'آبمیوه گازدار', 'price': 'قیمت از 7,000 تومان', 'primarythings': '', 'discount': '0'}, {'name': 'دوغ', 'price': 'قیمت از 8,000 تومان', 'primarythings': '', 'discount': '0'}, {'name': 'آب', 'price': 'قیمت از 4,000 تومان', 'primarythings': '', 'discount': '0'}]",ندارد,"صبحانه ناهار شام
شنبه 11:30:00 تا 15:00:00 15:00:00 تا 18:00:00 18:00:00 تا 23:00:00
یکشنبه 11:30:00 تا 15:00:00 15:00:00 تا 18:00:00 18:00:00 تا 23:00:00
دوشنبه 11:30:00 تا 15:00:00 15:00:00 تا 18:00:00 18:00:00 تا 23:00:00
سه شنبه 11:30:00 تا 15:00:00 15:00:00 تا 18:00:00 18:00:00 تا 23:00:00
چهارشنبه 11:30:00 تا 15:00:00 15:00:00 تا 18:00:00 18:00:00 تا 23:00:00
پنجشنبه 11:30:00 تا 15:00:00 15:00:00 تا 18:00:00 18:00:00 تا 23:00:00
جمعه 11:30:00 تا 15:00:00 15:00:00 تا 18:00:00 18:00:00 تا 23:00:00",میدان فرهنگ، مجتمع فراز، ساندویچ ممتاز,"31.845644429692026,54.35905694874237"
2,پانیذ فود,4.5,"35 تا 60 دقیقه
میانگین زمان ارسال","[{'name': 'سس تکنفره', 'price': '2,000 تومان', 'primarythings': '', 'discount': '0'}, {'name': 'با قارچ وپنیر', 'price': '31,000 تومان', 'primarythings': '', 'discount': '0'}, {'name': 'با قارچ', 'price': '13,000 تومان', 'primarythings': '', 'discount': '0'}, {'name': 'کباب ترکی گوشت', 'price': '120,000 تومان', 'primarythings': 'گوشت+مخلفات (پیاز .گوجه.فلفل دلمه .پیازجعفری .خیارشور .سس مخصوص کباب ترکی )', 'discount': '0'}, {'name': 'کباب ترکی مرغ', 'price': '115,000 تومان', 'primarythings': 'مرغ+مخلفات ( پیاز .گوجه.فلفل دلمه ای .پیاز جعفری .خیارشور .سس مخصوص کباب ترکی )', 'discount': '0'}, {'name': 'کباب ترکی مخلوط', 'price': '115,000 تومان', 'primarythings': 'گوشت قرمز+مرغ+مخلفات(پیاز .گوجه. فلفل دلمه ای.پیازجعفری.خیارشور.سس کباب ترکی )', 'discount': '0'}, {'name': 'نان اضافه', 'price': '7,000 تومان', 'primarythings': '', 'discount': '0'}, {'name': 'بدون مخلفات', 'price': '25,000 تومان', 'primarythings': '', 'discount': '0'}, {'name': 'با پنیر', 'price': '20,000 تومان', 'primarythings': '', 'discount': '0'}, {'name': 'کباب ترکی گوشت کوچک', 'price': '87,000 تومان', 'primarythings': 'گوشت، پیاز، گوجه\u200cفرنگی، فلفل دلمه، جعفری، سس مخصوص کباب ترکی', 'discount': '0'}, {'name': 'کباب ترکی مرغ کوچک', 'price': '82,000 تومان', 'primarythings': 'گوشت مرغ، پیاز، گوجه\u200cفرنگی، فلفل دلمه، جعفری، سس مخصوص کباب ترکی', 'discount': '0'}, {'name': 'کباب ترکی مخلوط کوچک', 'price': '82,000 تومان', 'primarythings': 'گوشت، گوشت مرغ، پیاز، گوجه\u200cفرنگی، فلفل دلمه، جعفری، سس مخصوص کباب ترکی', 'discount': '0'}, {'name': 'کباب ترکی پرسی یکنفره', 'price': 'قیمت از 145,000 تومان', 'primarythings': '', 'discount': '0'}, {'name': 'کباب ترکی پرسی دونفره', 'price': 'قیمت از 230,000 تومان', 'primarythings': '', 'discount': '0'}, {'name': 'همبرگر زغالی مخصوص', 'price': '55,000 تومان', 'primarythings': 'گوشت گوسفندی، خیارشور، گوجه، پیاز، جعفری، کاهو، سس', 'discount': '0'}, {'name': 'قارچ برگر', 'price': '60,000 تومان', 'primarythings': 'گوشت گوسفندی، خیارشور، گوجه، پیاز، جعفری، قارچ، کاهو، سس', 'discount': '0'}, {'name': 'چیزبرگر', 'price': '65,000 تومان', 'primarythings': 'گوشت گوسفندی، خیارشور، گوجه، پیاز، جعفری، پنیر پیتزا، کاهو، سس', 'discount': '0'}, {'name': 'دوبل برگر', 'price': '90,000 تومان', 'primarythings': 'گوشت گوسفندی، خیارشور، گوجه، پیاز، جعفری، کاهو، سس', 'discount': '0'}, {'name': 'برگر ویژه', 'price': '70,000 تومان', 'primarythings': 'گوشت گوسفندی، خیارشور، گوجه، پیاز، جعفری، قارچ، پنیر پیتزا، کاهو، سس', 'discount': '0'}, {'name': 'نان برگر', 'price': '4,000 تومان', 'primarythings': '', 'discount': '0'}, {'name': 'سس پمپی کوچک', 'price': '25,000 تومان', 'primarythings': '', 'discount': '0'}, {'name': 'آبمیوه گازدار', 'price': 'قیمت از 10,000 تومان', 'primarythings': '', 'discount': '0'}, {'name': 'دوغ', 'price': 'قیمت از 2,000 تومان', 'primarythings': '', 'discount': '0'}, {'name': 'نوشابه', 'price': 'قیمت از 12,000 تومان', 'primarythings': '', 'discount': '0'}, {'name': 'دلستر', 'price': 'قیمت از 4,500 تومان', 'primarythings': '', 'discount': '0'}, {'name': 'آب معدنی', 'price': 'قیمت از 4,000 تومان', 'primarythings': '', 'discount': '0'}, {'name': 'نوشیدنی انرژی زا', 'price': '18,500 تومان', 'primarythings': '', 'discount': '0'}, {'name': 'سس پمپی بزرگ', 'price': '40,000 تومان', 'primarythings': '', 'discount': '0'}, {'name': 'دوغ قوطی عالیس', 'price': '14,000 تومان', 'primarythings': '', 'discount': '0'}, {'name': 'دلستر قوطی هی جو و هی دی', 'price': '9,800 تومان', 'primarythings': '', 'discount': '0'}, {'name': 'لیموناد قوطی', 'price': '10,000 تومان', 'primarythings': '', 'discount': '0'}, {'name': 'دوغ گاومیش خانواده', 'price': '23,000 تومان', 'primarythings': '', 'discount': '0'}, {'name': 'دوغ گرینه خانواده 2لیتری', 'price': '40,000 تومان', 'primarythings': '', 'discount': '0'}, {'name': 'آبمیوه گازدارخانواده', 'price': '17,000 تومان', 'primarythings': '', 'discount': '0'}, {'name': 'پیتزا گوشت و قارچ پانیذفود', 'price': '155,000 تومان', 'primarythings': 'گوشت چرخی +گوشت رست بیف +مخلفات', 'discount': '0'}, {'name': 'پیتزا مخصوص سرآشپز', 'price': '140,000 تومان', 'primarythings': 'ژامبون گوشت+ژامبون مرغ+کالباس خشک+گوشت رست بیف + گوشت چرخی +مخلفات(قارچ .پنر .فلفل دلمه ای +سس)', 'discount': '0'}, {'name': 'پیتزا ترکی', 'price': '165,000 تومان', 'primarythings': 'گوشت کباب ترکی +مرغ کباب ترکی + مخلفات', 'discount': '20'}, {'name': 'پیتزا مخصوص پانیذفود', 'price': '120,000 تومان', 'primarythings': 'ژامبون گوشت +ژامبون مرغ +کالباس خشک ککتل دودی +گوشت چرخی +مخلفات', 'discount': '0'}, {'name': 'پیتزا مرغ و قارچ', 'price': '145,000 تومان', 'primarythings': 'فیله کباب شده مرغ + مخلفات', 'discount': '0'}, {'name': 'پیتزا مکزیکی', 'price': '140,000 تومان', 'primarythings': 'ژامبون مرغ و گوشت تند +قارچ +گوشت چرخی و ریش ریش تند + فلفل +سس', 'discount': '0'}, {'name': 'پیتزا رست بیف', 'price': '160,000 تومان', 'primarythings': 'دو لایه گوشت رست بیف + مخلفات', 'discount': '0'}, {'name': 'پیتزا سبزیجات', 'price': '85,000 تومان', 'primarythings': 'جعفری +پیاز +ذرت +بادمجان تفت داده شده +گوجه +مخلفات', 'discount': '0'}, {'name': 'پیتزا قارچ و پنیر', 'price': '83,000 تومان', 'primarythings': 'قارچ تفت داده شده + پنیر + فلفل دلمه ای + سس', 'discount': '0'}, {'name': 'پیتزا پپرونی', 'price': '143,000 تومان', 'primarythings': 'ژامبون پپرونی +مخلفات', 'discount': '0'}, {'name': 'مینی مخصوص', 'price': '92,000 تومان', 'primarythings': 'ژامبون گوشت تنوری، ژامبون مرغ، کالباس خشک، کوکتل دودی، گوشت چرخ\u200cکرده، قارچ، پنیر، فلفل دلمه، سس', 'discount': '5'}, {'name': 'مینی گوشت و قارچ', 'price': '119,000 تومان', 'primarythings': 'گوشت رست\u200cبیف، گوشت چرخ\u200cکرده، قارچ، پنیر، فلفل دلمه، سس', 'discount': '5'}, {'name': 'مینی پیتزا مرغ و قارچ', 'price': '110,000 تومان', 'primarythings': 'فیله کباب\u200cشده مرغ، قارچ، پنیر، فلفل دلمه، سس', 'discount': '5'}, {'name': 'مینی پیتزا رست بیف', 'price': '123,000 تومان', 'primarythings': 'دولایه گوشت رست\u200cبیف، قارچ، پنیر، فلفل دلمه، سس', 'discount': '5'}, {'name': 'سیب زمینی', 'price': 'قیمت از 43,000 تومان', 'primarythings': '', 'discount': '0'}]",دارد (ارسال با آژانس),"ناهار شام
شنبه 12:00:00 تا 18:00:00 18:01:00 تا 23:30:00
یکشنبه 12:00:00 تا 18:00:00 18:01:00 تا 23:30:00
دوشنبه 12:00:00 تا 18:00:00 18:01:00 تا 23:30:00
سه شنبه 12:00:00 تا 18:00:00 18:01:00 تا 23:30:00
چهارشنبه 12:00:00 تا 18:00:00 18:01:00 تا 23:30:00
پنجشنبه 12:00:00 تا 18:00:00 18:01:00 تا 23:30:00
جمعه 12:00:00 تا 18:00:00 18:01:00 تا 23:30:00",یزد، صفاییه، خیابان تیمسار فلاحی,"31.841338920022668,54.3846818804741"
3,رستوران سادات اخوی,4.3,"40 تا 60 دقیقه
میانگین زمان ارسال","[{'name': 'چلو کوبیده', 'price': 'قیمت از 89,400 تومان', 'primarythings': '', 'discount': '0'}, {'name': 'چلو جوجه\u200cکباب', 'price': 'قیمت از 122,500 تومان', 'primarythings': '', 'discount': '0'}, {'name': 'چلو کباب لقمه گوجه مخصوص', 'price': '150,000 تومان', 'primarythings': '', 'discount': '0'}, {'name': 'چلو سلطانی', 'price': '249,400 تومان', 'primarythings': '', 'discount': '0'}, {'name': 'چلو کباب برگ ممتاز', 'price': '205,900 تومان', 'primarythings': '', 'discount': '0'}, {'name': 'چلو کباب ششلیک', 'price': '205,900 تومان', 'primarythings': '', 'discount': '0'}, {'name': 'چلو کباب قفقازی', 'price': '192,500 تومان', 'primarythings': '', 'discount': '0'}, {'name': 'زرشک پلو با مرغ', 'price': '118,500 تومان', 'primarythings': '', 'discount': '0'}, {'name': 'چلو کنتاکی', 'price': '126,500 تومان', 'primarythings': '', 'discount': '0'}, {'name': 'چلو شنیتسل', 'price': '114,300 تومان', 'primarythings': '', 'discount': '0'}, {'name': 'چلو ماهیچه', 'price': 'قیمت از 280,000 تومان', 'primarythings': '', 'discount': '0'}, {'name': 'چلو خورشت فسنجان', 'price': 'قیمت از 135,400 تومان', 'primarythings': '', 'discount': '0'}, {'name': 'چلو خورشت قیمه', 'price': '117,700 تومان', 'primarythings': '', 'discount': '0'}, {'name': 'چلو خورشت قیمه بادمجان', 'price': '127,700 تومان', 'primarythings': '', 'discount': '0'}, {'name': 'چلو خورشت قورمه سبزی', 'price': '117,700 تومان', 'primarythings': '', 'discount': '0'}, {'name': 'چلو ماهی قزل', 'price': '177,100 تومان', 'primarythings': '', 'discount': '0'}, {'name': 'چلو میگو', 'price': '230,900 تومان', 'primarythings': '', 'discount': '0'}, {'name': 'پلو ساده', 'price': '45,900 تومان', 'primarythings': '', 'discount': '0'}, {'name': 'پلو نیم پرس', 'price': '23,000 تومان', 'primarythings': '', 'discount': '0'}, {'name': 'زرشک پلو با مرغ', 'price': '118,900 تومان', 'primarythings': '', 'discount': '0'}, {'name': 'چلو کباب ششلیک مشهد', 'price': '339,200 تومان', 'primarythings': '', 'discount': '0'}, {'name': 'چلومرغ کره ای', 'price': '73,200 تومان', 'primarythings': '', 'discount': '0'}, {'name': 'چلو گوشت', 'price': '250,000 تومان', 'primarythings': '', 'discount': '0'}, {'name': 'چلو ماهی قزل شکم پر', 'price': '200,000 تومان', 'primarythings': '', 'discount': '0'}, {'name': 'چلو خورشت قیمه یزدی', 'price': '152,000 تومان', 'primarythings': '', 'discount': '0'}, {'name': 'چلو ماهی کباب شیر', 'price': '250,000 تومان', 'primarythings': '', 'discount': '0'}, {'name': 'چلو ماهی شیر', 'price': '229,700 تومان', 'primarythings': '', 'discount': '0'}, {'name': 'شیرین پلو', 'price': '55,000 تومان', 'primarythings': '', 'discount': '0'}, {'name': 'سبزی پلو', 'price': '52,500 تومان', 'primarythings': '', 'discount': '0'}, {'name': 'باقلا پلو', 'price': '52,500 تومان', 'primarythings': '', 'discount': '0'}, {'name': 'باقلا پلو با گوشت', 'price': '260,500 تومان', 'primarythings': '', 'discount': '0'}, {'name': 'باقلا پلو با مرغ', 'price': '124,200 تومان', 'primarythings': '', 'discount': '0'}, {'name': 'باقلا پلو با ماهی قزل', 'price': '183,700 تومان', 'primarythings': '', 'discount': '0'}, {'name': 'باقلا پلو با ماهی شیر', 'price': '236,000 تومان', 'primarythings': '', 'discount': '0'}, {'name': 'باقلا پلو با ماهیچه', 'price': '270,500 تومان', 'primarythings': '', 'discount': '0'}, {'name': 'خوراک کوبیده', 'price': 'قیمت از 22,000 تومان', 'primarythings': '', 'discount': '0'}, {'name': 'خوراک ششلیک مشهدی', 'price': '281,750 تومان', 'primarythings': '', 'discount': '0'}, {'name': 'گوجه', 'price': '6,000 تومان', 'primarythings': '', 'discount': '0'}, {'name': 'خوارک لقمه گوجه', 'price': '95,000 تومان', 'primarythings': '', 'discount': '0'}, {'name': 'خوراک برگ ممتاز', 'price': '160,000 تومان', 'primarythings': '', 'discount': '0'}, {'name': 'خوراک کباب لقمه', 'price': '68,300 تومان', 'primarythings': '', 'discount': '0'}, {'name': 'خوراک مرغ', 'price': 'قیمت از 72,500 تومان', 'primarythings': '', 'discount': '0'}, {'name': 'خوراک جوجه کباب بال وبازو', 'price': '94,550 تومان', 'primarythings': '', 'discount': '0'}, {'name': 'خوراک کباب قفقازی', 'price': '146,000 تومان', 'primarythings': '', 'discount': '0'}, {'name': 'خوراک کباب ششلیک', 'price': '160,000 تومان', 'primarythings': '', 'discount': '0'}, {'name': 'خوراک جوجه کباب با استخوان', 'price': '96,500 تومان', 'primarythings': '', 'discount': '0'}, {'name': 'خوراک جوجه بدون استخوان - وزیری', 'price': '76,600 تومان', 'primarythings': '', 'discount': '0'}, {'name': 'خوراک کباب سلطانی ممتاز', 'price': '203,500 تومان', 'primarythings': '', 'discount': '0'}, {'name': 'خوراک ماهیچه', 'price': '275,000 تومان', 'primarythings': '', 'discount': '0'}, {'name': 'خوراک شنیتسل', 'price': '80,000 تومان', 'primarythings': '', 'discount': '0'}, {'name': 'خوراک ماهی', 'price': 'قیمت از 131,200 تومان', 'primarythings': '', 'discount': '0'}, {'name': 'خوراک میگو', 'price': '185,000 تومان', 'primarythings': '', 'discount': '0'}, {'name': 'خورشت قیمه', 'price': '71,800 تومان', 'primarythings': '', 'discount': '0'}, {'name': 'خورشت قیمه بادمجان', 'price': '81,800 تومان', 'primarythings': '', 'discount': '0'}, {'name': 'خورشت فسنجان', 'price': 'قیمت از 95,900 تومان', 'primarythings': '', 'discount': '0'}, {'name': 'خورشت قورمه سبزی', 'price': '71,800 تومان', 'primarythings': '', 'discount': '0'}, {'name': 'گوجه کبابی', 'price': '6,000 تومان', 'primarythings': '', 'discount': '0'}, {'name': 'خوراک ماهیچه مخصوص', 'price': '240,000 تومان', 'primarythings': '', 'discount': '0'}, {'name': 'خوراک ماهی قزل شکم پر', 'price': '154,000 تومان', 'primarythings': '', 'discount': '0'}, {'name': 'خوراک گوشت', 'price': '208,000 تومان', 'primarythings': '', 'discount': '0'}, {'name': 'خورشت قیمه یزدی', 'price': '106,000 تومان', 'primarythings': '', 'discount': '0'}, {'name': 'سالاد فصل', 'price': 'قیمت از 22,000 تومان', 'primarythings': '', 'discount': '0'}, {'name': 'سالاد مخصوص بزرگ', 'price': '60,000 تومان', 'primarythings': '', 'discount': '0'}, {'name': 'ترشی انبه', 'price': '30,000 تومان', 'primarythings': '', 'discount': '0'}, {'name': 'سوپ جو سطل بزرگ سفری', 'price': '63,000 تومان', 'primarythings': '', 'discount': '0'}, {'name': 'ترامیسو', 'price': '20,000 تومان', 'primarythings': '', 'discount': '0'}, {'name': 'نان تافتون', 'price': '1,000 تومان', 'primarythings': '', 'discount': '0'}, {'name': 'چیپس مخصوص', 'price': '60,000 تومان', 'primarythings': '', 'discount': '0'}, {'name': 'سوپ جو سطل کوچک سفری', 'price': '33,000 تومان', 'primarythings': '', 'discount': '0'}, {'name': 'سالاد کلم', 'price': '35,000 تومان', 'primarythings': '', 'discount': '0'}, {'name': 'سالاد ماکارونی', 'price': '40,000 تومان', 'primarythings': '', 'discount': '0'}, {'name': 'سالاد مخصوص', 'price': '35,000 تومان', 'primarythings': '', 'discount': '0'}, {'name': 'ماست', 'price': 'قیمت از 20,000 تومان', 'primarythings': '', 'discount': '0'}, {'name': 'زیتون', 'price': 'قیمت از 15,000 تومان', 'primarythings': '', 'discount': '0'}, {'name': 'ترشی', 'price': '20,000 تومان', 'primarythings': '', 'discount': '0'}, {'name': 'سوپ تک نفره سفری', 'price': '20,000 تومان', 'primarythings': '', 'discount': '0'}, {'name': 'ترشی سیر', 'price': '30,000 تومان', 'primarythings': '', 'discount': '0'}, {'name': 'چیز کیک شکلاتی', 'price': '24,000 تومان', 'primarythings': '', 'discount': '0'}, {'name': 'ژله', 'price': '20,000 تومان', 'primarythings': '', 'discount': '0'}, {'name': 'کیک خامه\u200cای تکنفره', 'price': '22,000 تومان', 'primarythings': '', 'discount': '0'}, {'name': 'سالاد 2 نفره', 'price': '45,000 تومان', 'primarythings': '', 'discount': '0'}, {'name': 'سوپ قارچ سطل بزرگ سفری', 'price': '93,000 تومان', 'primarythings': '', 'discount': '0'}, {'name': 'سوپ قارچ سطل کوچک سفری', 'price': '47,000 تومان', 'primarythings': '', 'discount': '0'}, {'name': 'سالاد شیرازی', 'price': '25,000 تومان', 'primarythings': '', 'discount': '0'}]",دارد (ارسال با آژانس),"ناهار شام
شنبه 12:00:00 تا 18:00:00 18:00:00 تا 22:55:00
یکشنبه 12:00:00 تا 18:00:00 18:00:00 تا 22:55:00
دوشنبه 12:00:00 تا 18:00:00 18:00:00 تا 22:55:00
سه شنبه 12:00:00 تا 18:00:00 18:00:00 تا 22:55:00
چهارشنبه 12:00:00 تا 18:00:00 18:00:00 تا 22:55:00
پنجشنبه 12:00:00 تا 18:00:00 18:00:00 تا 22:55:00
جمعه 12:00:00 تا 18:00:00 18:00:00 تا 22:55:00",یزد، بلوار دانشجو، رستوران سادات اخوی,"31.853752870472608,54.37614172697068"
4,رستوران مهرگان,4.0,"30 تا 50 دقیقه
میانگین زمان ارسال","[{'name': 'چلوکباب سلطانی', 'price': '193,000 تومان', 'primarythings': 'یک سیخ کباب برگ و یک سیخ کباب کوبیده همراه با دورچین و گوجه و یک پرس برنج', 'discount': '0'}, {'name': 'چلوکوبیده', 'price': '87,200 تومان', 'primarythings': '2 سیخ کباب کوبیده به وزن 170گرم همراه با دورچین و گوجه و یک پرس برنج', 'discount': '0'}, {'name': 'چلو جوجه بدون استخوان بانوشابه', 'price': '102,300 تومان', 'primarythings': 'یک سیخ جوجه کباب به وزن 200گرم بهمراه دورچین و یک پرس برنج', 'discount': '0'}, {'name': 'چلوجوجه ترش', 'price': '105,000 تومان', 'primarythings': '', 'discount': '0'}, {'name': 'چلو کوبیده یک سیخه', 'price': '70,000 تومان', 'primarythings': '', 'discount': '0'}, {'name': 'چلوخورشت قیمه با ظرف', 'price': '76,300 تومان', 'primarythings': '', 'discount': '0'}, {'name': 'زرشک پلو', 'price': '40,000 تومان', 'primarythings': '', 'discount': '0'}, {'name': 'چلوماهیچه', 'price': '237,000 تومان', 'primarythings': 'یک عدد ماهیچه به وزن 600گرم بهمراه دورچین و یک پرس برنج', 'discount': '0'}, {'name': 'چلو اکبر جوجه', 'price': '106,000 تومان', 'primarythings': '', 'discount': '0'}, {'name': 'جلوکباب درباری', 'price': '134,300 تومان', 'primarythings': '', 'discount': '0'}, {'name': 'چلو جوجه ترش', 'price': '105,000 تومان', 'primarythings': '', 'discount': '0'}, {'name': 'زرشک پلو بامرغ', 'price': '103,000 تومان', 'primarythings': 'یک چهارم مرغ به وزن 400گرم همراه با دورچین یک پرس برنج', 'discount': '0'}, {'name': 'چلو برگ ممتاز', 'price': '162,000 تومان', 'primarythings': 'یک سیخ کباب برگ به وزن 200گرم همراه با دورچین و گوجه و یک پرس برنج', 'discount': '0'}, {'name': 'چلوکباب نگین دار', 'price': '112,000 تومان', 'primarythings': '', 'discount': '0'}, {'name': 'چلو کباب لقمه', 'price': '121,000 تومان', 'primarythings': '', 'discount': '0'}, {'name': 'چلوکباب کوبیده', 'price': 'قیمت از 85,000 تومان', 'primarythings': '', 'discount': '0'}, {'name': 'چلو قفقازی', 'price': '137,000 تومان', 'primarythings': 'یک سیخ قفقازی همراه فلفل و دنبه به وزن 300گرم همراه دورچین و گوجه و یک پرس برنج', 'discount': '0'}, {'name': 'چلوماهی', 'price': '160,000 تومان', 'primarythings': '', 'discount': '0'}, {'name': 'چلو جوجه\u200cکباب', 'price': 'قیمت از 102,300 تومان', 'primarythings': '', 'discount': '0'}, {'name': 'چلو اکبرجوجه', 'price': '106,000 تومان', 'primarythings': '', 'discount': '0'}, {'name': 'پلو', 'price': 'قیمت از 38,000 تومان', 'primarythings': '', 'discount': '0'}, {'name': 'چلو مرغ سرخ شده', 'price': '103,000 تومان', 'primarythings': 'یک چهارم مرغ به وزن 400گرم با دورچین و یک پرس برنج', 'discount': '0'}, {'name': 'چلو کوبیده مرغ بانوشابه وسالاد', 'price': '109,000 تومان', 'primarythings': '', 'discount': '0'}, {'name': 'چلو خورشت سبزی با ظرف', 'price': '76,300 تومان', 'primarythings': '', 'discount': '0'}, {'name': 'زرشک پلو با مرغ با ظرف', 'price': '76,300 تومان', 'primarythings': '', 'discount': '0'}, {'name': 'چلوکوبیده مرغ با ظرف', 'price': '76,300 تومان', 'primarythings': '', 'discount': '0'}, {'name': 'چلو جوجه بدون استخوان با ظرف', 'price': '76,300 تومان', 'primarythings': '', 'discount': '0'}, {'name': 'چلو کوبیده گوسفندی با ظرف', 'price': '76,300 تومان', 'primarythings': '', 'discount': '0'}, {'name': 'خوراک شیشلیک', 'price': '280,000 تومان', 'primarythings': '', 'discount': '0'}, {'name': 'خوراک مرغ', 'price': '65,200 تومان', 'primarythings': 'یک چهارم مرغ به وزن 400گرم همراه با دورچین', 'discount': '0'}, {'name': 'خوراک گردن', 'price': '300,000 تومان', 'primarythings': '', 'discount': '0'}, {'name': 'خوراک ماهیچه', 'price': '199,000 تومان', 'primarythings': 'یک عدد ماهیچه به وزن 600گرم به همراه دورچین', 'discount': '0'}, {'name': 'خوراک کوبیده', 'price': 'قیمت از 25,000 تومان', 'primarythings': '', 'discount': '0'}, {'name': 'خوراک برگ ممتاز', 'price': '126,000 تومان', 'primarythings': '', 'discount': '0'}, {'name': 'خوراک قفقازی', 'price': '101,000 تومان', 'primarythings': 'یک سیخ کباب قفقازی همراه فلفل و دنبه به وزن 300گرم همراه دورچین و گوجه', 'discount': '0'}, {'name': 'خوراک کباب لقمه', 'price': '83,000 تومان', 'primarythings': 'یک سیخ کوبیده لقمه به وزن 200گرم همراه با دورچین و گوجه', 'discount': '0'}, {'name': 'خوراک جوجه\u200cکباب', 'price': 'قیمت از 66,500 تومان', 'primarythings': '', 'discount': '0'}, {'name': 'خوراک جوجه', 'price': 'قیمت از 67,000 تومان', 'primarythings': '', 'discount': '0'}, {'name': 'خوراک مرغ سرخ شده', 'price': '65,000 تومان', 'primarythings': 'یک چهارم مرغ به وزن 400گرم همراه با دورچین', 'discount': '0'}, {'name': 'برگر', 'price': 'قیمت از 45,000 تومان', 'primarythings': '', 'discount': '0'}, {'name': 'خوراک ماهی', 'price': 'قیمت از 122,000 تومان', 'primarythings': '', 'discount': '0'}, {'name': 'گوجه کبابی', 'price': '5,000 تومان', 'primarythings': '', 'discount': '0'}, {'name': 'خورشت قیمه', 'price': 'قیمت از 49,000 تومان', 'primarythings': '', 'discount': '0'}, {'name': 'خورشت اضافه روز', 'price': '49,000 تومان', 'primarythings': '', 'discount': '0'}, {'name': 'اش ماش', 'price': '20,000 تومان', 'primarythings': '', 'discount': '0'}, {'name': 'چلوخورشت روز', 'price': '87,000 تومان', 'primarythings': '', 'discount': '0'}, {'name': 'خورشت فسنجان', 'price': 'قیمت از 93,300 تومان', 'primarythings': '', 'discount': '0'}, {'name': 'خورشت قورمه\u200cسبزی', 'price': 'قیمت از 49,000 تومان', 'primarythings': '', 'discount': '0'}, {'name': 'پخت چلوخورشت', 'price': '3,000 تومان', 'primarythings': '', 'discount': '0'}, {'name': 'پخت پلو', 'price': '1,000 تومان', 'primarythings': '', 'discount': '0'}, {'name': 'خورشت فسنجان مرغ', 'price': '100,000 تومان', 'primarythings': '', 'discount': '0'}, {'name': 'چلو خورشت قیمه یزدی', 'price': '121,000 تومان', 'primarythings': '', 'discount': '0'}, {'name': 'قیمه یزدی', 'price': '83,000 تومان', 'primarythings': 'یک ظرف خورشت حاوی 135گرم گوشت خالص و لپه درشت', 'discount': '0'}, {'name': 'سطل سوپ متوسط', 'price': '35,000 تومان', 'primarythings': 'سوپ جو', 'discount': '0'}, {'name': 'سطل سوپ کوچک', 'price': '15,000 تومان', 'primarythings': 'سوپ جو', 'discount': '0'}, {'name': 'سطل سوپ بزرگ', 'price': '50,000 تومان', 'primarythings': 'سوپ جو', 'discount': '0'}, {'name': 'میوه شیرینی', 'price': '45,000 تومان', 'primarythings': '', 'discount': '0'}, {'name': 'سیب زمینی باپنیر', 'price': '60,000 تومان', 'primarythings': '', 'discount': '0'}, {'name': 'نان', 'price': '1,000 تومان', 'primarythings': '', 'discount': '0'}, {'name': 'نان همبرگر', 'price': '5,000 تومان', 'primarythings': '', 'discount': '0'}, {'name': 'سس پمپی', 'price': '40,000 تومان', 'primarythings': '', 'discount': '0'}, {'name': 'سیب زمینی', 'price': '40,000 تومان', 'primarythings': '', 'discount': '0'}, {'name': 'سوپ', 'price': '13,600 تومان', 'primarythings': 'یک کاسه سوپ خوری', 'discount': '0'}, {'name': 'سالاد', 'price': 'قیمت از 16,350 تومان', 'primarythings': '', 'discount': '0'}, {'name': 'ماست', 'price': 'قیمت از 10,000 تومان', 'primarythings': '', 'discount': '0'}, {'name': 'زیتون', 'price': 'قیمت از 11,000 تومان', 'primarythings': '', 'discount': '0'}, {'name': 'پیش غذا مخصوص مهرگان', 'price': '15,000 تومان', 'primarythings': '', 'discount': '0'}, {'name': 'ترشی بندری', 'price': '5,000 تومان', 'primarythings': '', 'discount': '0'}, {'name': 'ترشی شور', 'price': '5,000 تومان', 'primarythings': '', 'discount': '0'}, {'name': 'ژله کوچک', 'price': '25,000 تومان', 'primarythings': '', 'discount': '0'}, {'name': 'سیب زمینی سرخ شده', 'price': '40,000 تومان', 'primarythings': '', 'discount': '0'}, {'name': 'قارچ سوخاری', 'price': '40,000 تومان', 'primarythings': '', 'discount': '0'}, {'name': 'ژله نفری', 'price': '25,000 تومان', 'primarythings': '', 'discount': '0'}, {'name': 'نان پنیروسبزی', 'price': '6,000 تومان', 'primarythings': '', 'discount': '0'}, {'name': 'نوشابه', 'price': 'قیمت از 8,000 تومان', 'primarythings': '', 'discount': '0'}, {'name': 'نوشابه قوطی انرژیزا', 'price': '20,000 تومان', 'primarythings': '', 'discount': '0'}, {'name': 'لیموناد خانواده', 'price': '21,000 تومان', 'primarythings': '', 'discount': '0'}, {'name': 'دلستر', 'price': 'قیمت از 8,000 تومان', 'primarythings': '', 'discount': '0'}, {'name': 'دوغ', 'price': 'قیمت از 8,000 تومان', 'primarythings': '', 'discount': '0'}, {'name': 'آب معدنی', 'price': 'قیمت از 4,000 تومان', 'primarythings': '', 'discount': '0'}, {'name': 'متفرقه', 'price': '4,000 تومان', 'primarythings': '', 'discount': '0'}, {'name': 'جعبه پیتزا بزرگ', 'price': '5,000 تومان', 'primarythings': '', 'discount': '0'}, {'name': 'جعبه پیتزا کوچک', 'price': '3,500 تومان', 'primarythings': '', 'discount': '0'}, {'name': 'دیس آلومینیوم باهزینه بسته بندی', 'price': '5,000 تومان', 'primarythings': '', 'discount': '0'}, {'name': 'پیتزا مخصوص مهرگان', 'price': 'قیمت از 90,000 تومان', 'primarythings': '', 'discount': '0'}, {'name': 'پیتزا گوشت و قارچ', 'price': 'قیمت از 120,000 تومان', 'primarythings': '', 'discount': '0'}, {'name': 'پیتزا پپرونی', 'price': 'قیمت از 100,000 تومان', 'primarythings': '', 'discount': '0'}, {'name': 'پیتزا قارچ و پنیر', 'price': '75,000 تومان', 'primarythings': '', 'discount': '0'}, {'name': 'پیتزا مرغ و قارچ', 'price': 'قیمت از 100,000 تومان', 'primarythings': '', 'discount': '0'}, {'name': 'پیتزا رست\u200cبیف', 'price': 'قیمت از 130,000 تومان', 'primarythings': '', 'discount': '0'}, {'name': 'سوخاری', 'price': 'قیمت از 110,000 تومان', 'primarythings': '', 'discount': '0'}]",دارد (ارسال با آژانس),"ناهار شام
شنبه 11:00:00 تا 18:00:00 18:00:00 تا 23:35:00
یکشنبه 11:00:00 تا 18:00:00 18:00:00 تا 23:35:00
دوشنبه 11:00:00 تا 18:00:00 18:00:00 تا 23:35:00
سه شنبه 11:00:00 تا 18:00:00 18:00:00 تا 23:35:00
چهارشنبه 11:00:00 تا 18:00:00 18:00:00 تا 23:35:00
پنجشنبه 11:00:00 تا 18:00:00 18:00:00 تا 23:35:00
جمعه 11:00:00 تا 18:00:00 18:00:00 تا 23:35:00",یزد، بلوار دانشجو، نرسیده به میدان شهدای محراب,"31.853550104857565,54.37936037778855"
5,وین برگر,4.3,"20 تا 35 دقیقه
میانگین زمان ارسال","[{'name': 'کالیفرنیا چیزبرگر', 'price': 'قیمت از 77,000 تومان', 'primarythings': '', 'discount': '0'}, {'name': 'نوستال برگر', 'price': '69,000 تومان', 'primarythings': '120 گرم گوشت خالص - گوجه فرنگی - نان سنتی (بدون شیرینی) - سس پیاز جعفری', 'discount': '0'}, {'name': 'نوستال چیزبرگر', 'price': '79,000 تومان', 'primarythings': '120 گرم گوشت خالص - گوجه فرنگی - قارچ - نان سنتی (بدون شیرینی) - سس پیاز جعفری - پنیر پیتزا (موزارلا)', 'discount': '0'}, {'name': 'کالیفرنیا برگر', 'price': 'قیمت از 69,000 تومان', 'primarythings': '', 'discount': '0'}, {'name': 'تگزاس هالوپینوبرگر', 'price': 'قیمت از 88,000 تومان', 'primarythings': '', 'discount': '0'}, {'name': 'ماشروم برگر', 'price': 'قیمت از 91,000 تومان', 'primarythings': '', 'discount': '0'}, {'name': 'کرانچی برگر', 'price': 'قیمت از 84,000 تومان', 'primarythings': '', 'discount': '0'}, {'name': 'وین برگر', 'price': 'قیمت از 93,000 تومان', 'primarythings': '', 'discount': '0'}, {'name': 'پیتزا مخصوص', 'price': '135,000 تومان', 'primarythings': 'ژامبون گوشت و مرغ - پنیر - قارچ - فلفل دلمه', 'discount': '0'}, {'name': 'پیتزا رست بیف', 'price': '175,000 تومان', 'primarythings': 'گوشت رست بیف - پنیر - قارچ - فلفل دلمه', 'discount': '0'}, {'name': 'پیتزا چیکن', 'price': '160,000 تومان', 'primarythings': 'مرغ - پنیر - قارچ - فلفل دلمه', 'discount': '0'}, {'name': 'پیتزا پپرونی', 'price': '150,000 تومان', 'primarythings': 'کالباس پپرونی - پنیر - قارچ - فلفل دلمه - فلفل هالوپینو', 'discount': '0'}, {'name': 'پیتزا قارچ و پنیر', 'price': '80,000 تومان', 'primarythings': 'پنیر - قارچ - فلفل دلمه', 'discount': '0'}, {'name': 'فیله استریپس', 'price': 'قیمت از 135,000 تومان', 'primarythings': '', 'discount': '0'}, {'name': 'وین چیکن', 'price': '95,000 تومان', 'primarythings': 'سینه مرغ سوخاری - بیکن - پنیر گودا - کاهو - خیارشور - سس', 'discount': '0'}, {'name': 'ساندویچ مرغ گریل', 'price': '82,000 تومان', 'primarythings': 'سینه مرغ گریل شده - کاهو - گوجه فرنگی - سس', 'discount': '0'}, {'name': 'ساندویچ چیکن فیله', 'price': '83,000 تومان', 'primarythings': 'دوتیکه فیله سوخاری - کاهو - خیارشور - سس', 'discount': '0'}, {'name': 'بیسیک هات داگ', 'price': '58,000 تومان', 'primarythings': 'هات داگ - خیارشور - گوجه - سس', 'discount': '0'}, {'name': 'چیز هات داگ', 'price': '69,000 تومان', 'primarythings': 'هات داگ - سس پنیر - خیارشور - گوجه فرنگی - سس', 'discount': '0'}, {'name': 'هالوپینو هات داگ', 'price': '71,000 تومان', 'primarythings': 'هات داگ - سس پنیر - فلفل هالوپینو', 'discount': '0'}, {'name': 'ماشروم هات داگ', 'price': '78,000 تومان', 'primarythings': 'هات داگ - سس قارچ - خیارشور', 'discount': '0'}, {'name': 'وین هات داگ', 'price': '79,000 تومان', 'primarythings': 'هات داگ - بیکن - چیپس ذرت - پیاز داغ چیپسی - سس پنیر - خیارشور - سس', 'discount': '0'}, {'name': 'سیب زمینی سرخ شده', 'price': '50,000 تومان', 'primarythings': '', 'discount': '0'}, {'name': 'چیزفرایز', 'price': '108,000 تومان', 'primarythings': 'سیب زمینی سرخ شده دو نفره - سس پنیر', 'discount': '0'}, {'name': 'بیکن فرایز', 'price': '110,000 تومان', 'primarythings': 'سیب زمینی سرخ شده دو نفره - بیکن - سس', 'discount': '0'}, {'name': 'ماشروم فرایز', 'price': '118,000 تومان', 'primarythings': 'سیب زمینی سرخ شده دو نفره - سس قارچ', 'discount': '0'}, {'name': 'هات فرایز', 'price': '115,000 تومان', 'primarythings': 'سیب زمینی سرخ شده دو نفره - سس پنیر - سس تند - ادویه تند - پپرونی - فلفل هالوپینو', 'discount': '0'}, {'name': 'سالاد مرغ گریل', 'price': '84,000 تومان', 'primarythings': 'کاهو - گوجه گیلاسی - زیتون - نان کروتان - کیپر - پنیر پارمسان - مغز تخمه آفتابگردان - سس مخصوص', 'discount': '0'}, {'name': 'سالاد مرغ سوخاری', 'price': '84,000 تومان', 'primarythings': 'کاهو - گوجه گیلاسی - زیتون - نان کروتان - کیپر - پنیر پارمسان - مغز تخمه آفتابگردان - سس مخصوص', 'discount': '0'}, {'name': 'سالاد کلم', 'price': '12,000 تومان', 'primarythings': '', 'discount': '0'}, {'name': 'پمپ سس مخصوص', 'price': '18,000 تومان', 'primarythings': '', 'discount': '0'}, {'name': 'پمپ سس سیر', 'price': '18,000 تومان', 'primarythings': '', 'discount': '0'}, {'name': 'پمپ سس سالاد', 'price': '23,000 تومان', 'primarythings': '', 'discount': '0'}, {'name': 'پمپ سس چیلی', 'price': '18,000 تومان', 'primarythings': '', 'discount': '0'}, {'name': 'پیاز سوخاری', 'price': '30,000 تومان', 'primarythings': '', 'discount': '0'}, {'name': 'ماشروم', 'price': '18,000 تومان', 'primarythings': '', 'discount': '0'}, {'name': 'نان بروچن', 'price': '5,000 تومان', 'primarythings': '', 'discount': '0'}, {'name': 'وین نوش موهیتو', 'price': '24,000 تومان', 'primarythings': '', 'discount': '0'}, {'name': 'وین نوش لیموناد', 'price': '22,000 تومان', 'primarythings': '', 'discount': '0'}, {'name': 'ماء الشعیر', 'price': 'قیمت از 13,700 تومان', 'primarythings': '', 'discount': '0'}, {'name': 'دوغ', 'price': 'قیمت از 15,000 تومان', 'primarythings': '', 'discount': '0'}, {'name': 'نوشابه', 'price': 'قیمت از 12,000 تومان', 'primarythings': '', 'discount': '0'}, {'name': 'آب کوچک', 'price': '4,000 تومان', 'primarythings': '', 'discount': '0'}]",دارد (ارسال با آژانس),"ناهار شام
شنبه 12:00:00 تا 19:00:00 19:00:00 تا 23:59:00
یکشنبه 12:00:00 تا 19:00:00 19:00:00 تا 23:59:00
دوشنبه 12:00:00 تا 19:00:00 19:00:00 تا 23:59:00
سه شنبه 12:00:00 تا 19:00:00 19:00:00 تا 23:59:00
چهارشنبه 12:00:00 تا 19:00:00 19:00:00 تا 23:59:00
پنجشنبه 12:00:00 تا 19:00:00 19:00:00 تا 23:59:00
جمعه 12:00:00 تا 19:00:00 19:00:00 تا 23:59:00",صفاییه، خیابان تیمسار فلاحی، خیابان اطلسی(دوم تیمسارفلاحی)، بین اطلسی 14 و 16,"31.842346,54.3751763"
6,رستوران مصطفی کلبادی‌نژاد,4.7,"30 تا 55 دقیقه
میانگین زمان ارسال","[{'name': 'خوراک اکبرجوجه', 'price': '115,000 تومان', 'primarythings': 'نصف جوجه کامل ۲۵۰گرمی، رب انار مخصوص، یک تکه نان سنگک', 'discount': '0'}, {'name': 'ماهی شکم پر', 'price': '220,000 تومان', 'primarythings': 'یک عدد ماهی قزل آلا کامل ۶۰۰گرمی، سبزیجات محلی، مغز گردو، دورچین: کلم سفید، کلم قرمز، هویج، زیتون پرورده، لیمو ترش، یک تکه نان سنگک', 'discount': '0'}, {'name': 'جوجه ناردون شمال', 'price': '120,000 تومان', 'primarythings': 'نصف جوجه کامل ۱۸۰گرمی، رب انار، دانه انار، آلو، سس مخصوص، یک تکه نان سنگک', 'discount': '0'}, {'name': 'پلو', 'price': 'قیمت از 55,000 تومان', 'primarythings': '', 'discount': '0'}, {'name': 'میرزا قاسمی', 'price': '50,000 تومان', 'primarythings': 'یک نفره، بادمجان کبابی، تخم مرغ، سیر، ادویه، یک تکه نان سنگک', 'discount': '0'}, {'name': 'ماست', 'price': '25,000 تومان', 'primarythings': '', 'discount': '0'}, {'name': 'زیتون', 'price': 'قیمت از 35,000 تومان', 'primarythings': '', 'discount': '0'}, {'name': 'سیرترشی', 'price': '25,000 تومان', 'primarythings': '90گرم سیر ترشی', 'discount': '0'}, {'name': 'ژله', 'price': '25,000 تومان', 'primarythings': '۱۸۰گرم، دست ساز، ترکیب ۴ طعم مختلف', 'discount': '0'}, {'name': 'رب انار', 'price': '2,000 تومان', 'primarythings': '', 'discount': '0'}, {'name': 'سالاد فصل', 'price': '30,000 تومان', 'primarythings': '۱۸۰ گرم، دست ساز، کاهو، کلم سفید، کلم قرمز، هویج، گوجه، خیار', 'discount': '0'}, {'name': 'نوشابه', 'price': '17,800 تومان', 'primarythings': '', 'discount': '0'}, {'name': 'نوشیدنی بهار نارنج', 'price': '25,000 تومان', 'primarythings': '۴۰۰میلی لیتر، عرقیجات محلی، زعفران، شیره نبات', 'discount': '0'}, {'name': 'دوغ مخصوص', 'price': '25,000 تومان', 'primarythings': '', 'discount': '0'}, {'name': 'دلستر خانواده', 'price': '16,300 تومان', 'primarythings': '', 'discount': '0'}, {'name': 'دلستر قوطی', 'price': '13,650 تومان', 'primarythings': '', 'discount': '0'}, {'name': 'آب معدنی', 'price': '6,000 تومان', 'primarythings': '', 'discount': '0'}]",دارد (ارسال با آژانس),"ناهار شام
شنبه 12:15:00 تا 16:30:00 16:31:00 تا 22:00:00
یکشنبه 12:15:00 تا 16:30:00 16:31:00 تا 22:00:00
دوشنبه 12:15:00 تا 16:30:00 16:31:00 تا 22:00:00
سه شنبه 12:15:00 تا 16:30:00 16:31:00 تا 22:00:00
چهارشنبه 12:15:00 تا 16:30:00 16:31:00 تا 22:00:00
پنجشنبه 12:15:00 تا 16:30:00 16:31:00 تا 22:00:00
جمعه 12:15:00 تا 16:30:00 16:31:00 تا 22:00:00",خیابان کاشانی، نبش سه راه نعیم آباد,"31.8625243,54.3803703"
7,رستوران سنتی عمارت عقیق,4.1,"25 تا 40 دقیقه
میانگین زمان ارسال","[{'name': 'سینی عقیق', 'price': 'قیمت از 357,000 تومان', 'primarythings': '', 'discount': '0'}, {'name': 'دیزی سنگی', 'price': '91,000 تومان', 'primarythings': 'دیزی سنگی ۳۰۰ گرم، ۱۰۰ گرم گوشت گوسفندی، سیب زمینی، نخود، گوجه، پیاز', 'discount': '0'}, {'name': 'میرزا قاسمی', 'price': '65,000 تومان', 'primarythings': '۲۰۰ گرم میرزا قاسمی، خیارشور، پیاز، نارنج یا لیمو، کلم قرمز، ۴ تکه نان تافتون', 'discount': '0'}, {'name': 'کشک بادمجون', 'price': '65,000 تومان', 'primarythings': '۲۰۰ گرم کشک بادمجان، خیارشور، پیاز، نارنج یا لیمو، کلم قرمز، ۴ تکه نان تافتون', 'discount': '0'}, {'name': 'کوفته تبریزی', 'price': '82,000 تومان', 'primarythings': '', 'discount': '0'}, {'name': 'کباب دیگی', 'price': '52,000 تومان', 'primarythings': '', 'discount': '0'}, {'name': 'ته\u200cچین قورمه سبزی', 'price': '45,000 تومان', 'primarythings': '', 'discount': '0'}, {'name': 'ته\u200cچین مرغ', 'price': '89,000 تومان', 'primarythings': '', 'discount': '0'}, {'name': 'ماهی قزل آلا', 'price': '102,000 تومان', 'primarythings': '', 'discount': '0'}, {'name': 'میگو پفکی', 'price': '70,000 تومان', 'primarythings': '', 'discount': '0'}, {'name': 'کباب سلطانی', 'price': '196,000 تومان', 'primarythings': '', 'discount': '0'}, {'name': 'کباب درباری', 'price': '125,000 تومان', 'primarythings': '', 'discount': '0'}, {'name': 'کباب شیشلیک', 'price': '352,000 تومان', 'primarythings': '', 'discount': '0'}, {'name': 'کباب قفقازی', 'price': '125,000 تومان', 'primarythings': 'یک سیخ کباب قفقازی ۱۰۰ گرم راسته گوسفندی ۱۰۰ گرم فیله مرغ زعفرانی، فلفل دلمه، پیاز، گوجه، خیارشور، نارنج یا لیمو، کلم قرمز، ۴ تکه نان تافتون', 'discount': '0'}, {'name': 'جوجه کباب بی استخوان', 'price': '83,000 تومان', 'primarythings': 'یک سیخ ۲۰۰ گرم فیله مرغ، فلفل دلمه، پیاز، گوجه، خیارشور، نارنج یا لیمو، کلم قرمز، ۴ تکه نان تافتون', 'discount': '0'}, {'name': 'جوجه کباب با استخوان', 'price': '95,000 تومان', 'primarythings': 'یک سیخ ۴۰۰ تا ۴۵۰ گرم جوجه با استخوان، فلفل دلمه، پیاز، گوجه، خیارشور، نارنج یا لیمو، کلم قرمز، ۴ تکه نان تافتون', 'discount': '0'}, {'name': 'کباب کوبیده دوسیخ', 'price': '82,000 تومان', 'primarythings': '۲ سیخ ۱۰۰ گرم گوشت گوسفندی، فلفل دلمه، پیاز، گوجه، خیارشور، نارنج یا لیمو، کلم قرمز، ۴ تکه نان تافتون', 'discount': '0'}, {'name': 'کباب چنجه', 'price': '155,000 تومان', 'primarythings': 'یک سیخ ۲۰۰ گرم راسته گوسفندی، فلفل دلمه، پیاز، گوجه، خیارشور، نارنج یا لیمو، کلم قرمز، ۴ تکه نان تافتون', 'discount': '0'}, {'name': 'کباب ترش', 'price': '165,000 تومان', 'primarythings': 'یک سیخ ۲۰۰ گرم راسته گوسفندی، رب انار، فلفل دلمه، پیاز، گوجه، خیارشور، نارنج یا لیمو، کلم قرمز، ۴ تکه نان تافتون', 'discount': '0'}, {'name': 'سیخ کوبیده', 'price': '41,000 تومان', 'primarythings': '۱ سیخ ۱۰۰ گرم گوشت گوسفندی، فلفل دلمه، پیاز، گوجه، خیارشور، نارنج یا لیمو، کلم قرمز، ۴ تکه نان تافتون', 'discount': '0'}, {'name': 'سیخ گوجه کبابی', 'price': '12,000 تومان', 'primarythings': 'یک سیخ گوجه کبابی شامل ۴ عدد گوجه کبابی', 'discount': '0'}, {'name': 'کباب برگ', 'price': '152,000 تومان', 'primarythings': 'یک سیخ ۲۰۰ گرم راسته گوسفندی،کاردی شده فلفل دلمه، پیاز، گوجه، خیارشور، نارنج یا لیمو، کلم قرمز، ۴ تکه نان تافتون', 'discount': '0'}, {'name': 'کباب بلغاری گوشت', 'price': '95,000 تومان', 'primarythings': '', 'discount': '0'}, {'name': 'کباب بلغاری مرغ', 'price': '88,000 تومان', 'primarythings': '', 'discount': '0'}, {'name': 'کباب لقمه نگین دار', 'price': '88,000 تومان', 'primarythings': '', 'discount': '0'}, {'name': 'بازو کبابی', 'price': '77,000 تومان', 'primarythings': '', 'discount': '0'}, {'name': 'پلو زعفرانی', 'price': '41,000 تومان', 'primarythings': '', 'discount': '0'}, {'name': 'نیم چلو زعفرانی', 'price': '21,000 تومان', 'primarythings': '', 'discount': '0'}, {'name': 'زرشک پلو', 'price': '45,000 تومان', 'primarythings': '۳۵۰ گرم برنج ایرانی، زرشک', 'discount': '0'}, {'name': 'کلم پلو', 'price': '37,000 تومان', 'primarythings': '', 'discount': '0'}, {'name': 'باقالی پلو', 'price': '19,500 تومان', 'primarythings': '', 'discount': '0'}, {'name': 'شیرین پلو', 'price': '19,500 تومان', 'primarythings': '', 'discount': '0'}, {'name': 'خوراک مرغ سرخ شده', 'price': '75,000 تومان', 'primarythings': '۳۵۰ گرم ران کامل سرخ شده، سس مخصوص، فلفل دلمه، پیاز، گوجه، خیارشور، نارنج یا لیمو، کلم قرمز، ۴ تکه نان تافتون', 'discount': '0'}, {'name': 'خوراک ماهیچه', 'price': '246,000 تومان', 'primarythings': '۴۰۰ تا ۴۵۰ گرم ماهیچه بره', 'discount': '0'}, {'name': 'خوراک گردن 2نفره', 'price': '270,000 تومان', 'primarythings': '', 'discount': '0'}, {'name': 'خوراک گردن تکنفره', 'price': '230,000 تومان', 'primarythings': '', 'discount': '0'}, {'name': 'خورشت قیمه', 'price': 'قیمت از 67,000 تومان', 'primarythings': '', 'discount': '0'}, {'name': 'خورشت فسنجان', 'price': '88,000 تومان', 'primarythings': '', 'discount': '0'}, {'name': 'خورشت قورمه سبزی', 'price': '67,000 تومان', 'primarythings': 'وزن خورشت ۲۵۰ تا ۳۰۰ گرم، ۳ تکه گوشت گوشت گوسفندی، پیاز، فلفل دلمه ای، خیارشور، نارنج', 'discount': '0'}, {'name': 'پیتزا ویژه عقیق', 'price': '153,000 تومان', 'primarythings': 'خمیر آمریکایی، کالباس پپرونی، گوشت رست بیف، قارچ، فلفل سبز، پنیر پیتزا، سس مخصوص', 'discount': '0'}, {'name': 'پیتزا سرآشپز عقیق', 'price': '143,000 تومان', 'primarythings': 'خمیر آمریکایی، ژامبون گوشت، ژامبون مرغ، پپرونی، قارچ، فلفل سبز، پنیر پیتزا، سس مخصوص', 'discount': '0'}, {'name': 'پیتزا مخصوص', 'price': '125,000 تومان', 'primarythings': 'خمیر آمریکایی، ژامبون گوشت، ژامبون مرغ، پپرونی، قارچ، فلفل سبز، پنیر پیتزا، سس مخصوص', 'discount': '0'}, {'name': 'پیتزا رست بیف', 'price': '158,000 تومان', 'primarythings': 'خمیر آمریکایی، گوشت ریش شده، قارچ، فلفل سبز، پنیر پیتزا، سس مخصوص', 'discount': '0'}, {'name': 'پیتزا گوشت و قارچ', 'price': '148,000 تومان', 'primarythings': 'خمیر آمریکایی، گوشت چرخ کرده مخلوط گوشت گوسفندی و گوساله، قارچ، فلفل سبز، پنیر پیتزا، سس مخصوص', 'discount': '0'}, {'name': 'پیتزا گوشت کبابی', 'price': '148,000 تومان', 'primarythings': 'خمیر آمریکایی، گوشت کباب شده مخلوط گوساله و گوسفندی، قارچ، فلفل سبز، پنیر پیتزا، سس مخصوص', 'discount': '0'}, {'name': 'پیتزا چیکن', 'price': '138,000 تومان', 'primarythings': 'خمیر آمریکایی، فیله مرغ، قارچ، فلفل سبز، پنیر پیتزا، سس مخصوص', 'discount': '0'}, {'name': 'پیتزا پپرونی', 'price': '137,000 تومان', 'primarythings': 'خمیر آمریکایی، ژامبون پپرونی، قارچ، فلفل سبز، پنیر پیتزا، سس مخصوص', 'discount': '0'}, {'name': 'پیتزا مکزیکی', 'price': '144,000 تومان', 'primarythings': 'خمیر آمریکایی سس تند مخلوط کالباس گوشت و مرغ فلفل دلمه پنیر پیتزا', 'discount': '0'}, {'name': 'پیتزا کوکتل', 'price': '135,000 تومان', 'primarythings': 'خمیر آمریکایی، کوکتل مخصوص، قارچ، فلفل سبز، پنیر پیتزا، سس مخصوص', 'discount': '0'}, {'name': 'پیتزا فیله سوخاری', 'price': '51,000 تومان', 'primarythings': '', 'discount': '0'}, {'name': 'پیتزا بیکن', 'price': '48,000 تومان', 'primarythings': '', 'discount': '0'}, {'name': 'همبرگر مخصوص', 'price': '55,000 تومان', 'primarythings': 'نان گرد، ۱۰۰ گرم برگر دستی مخلوط گوشت گوسفندی و گوساله،کاهو، گوجه، خیارشور، سس مخصوص', 'discount': '0'}, {'name': 'چیزبرگر', 'price': '65,000 تومان', 'primarythings': 'نان گرد، ۱۰۰ گرم برگر دستی مخلوط گوشت گوسفندی و گوساله،کاهو، گوجه، خیارشور، سس مخصوص، پنیر پیتزا،', 'discount': '0'}, {'name': 'دوبل برگر', 'price': '95,000 تومان', 'primarythings': 'نان گرد، ۲ عدد برگر دستی ۱۰۰ گرم مخلوط گوشت گوسفندی و گوساله،کاهو، گوجه، خیارشور، سس مخصوص', 'discount': '0'}, {'name': 'قارچ برگر', 'price': '70,000 تومان', 'primarythings': 'نان گرد، ۱۰۰ گرم برگر دستی مخلوط گوشت گوسفندی و گوساله،کاهو، گوجه، خیارشور، سس مخصوص، قارچ، پنیر پیتزا', 'discount': '0'}, {'name': 'هات داگ ویژه', 'price': '35,000 تومان', 'primarythings': '', 'discount': '0'}, {'name': 'ساندویچ فیله کریسپی', 'price': '30,000 تومان', 'primarythings': '', 'discount': '0'}, {'name': 'ساندویچ رست بیف', 'price': '36,000 تومان', 'primarythings': '', 'discount': '0'}, {'name': 'رویال برگر', 'price': '35,000 تومان', 'primarythings': '', 'discount': '0'}, {'name': 'فیله سوخاری', 'price': 'قیمت از 43,000 تومان', 'primarythings': '', 'discount': '0'}, {'name': 'سیب زمینی', 'price': 'قیمت از 22,000 تومان', 'primarythings': '', 'discount': '0'}, {'name': 'بازو سوخاری', 'price': '48,000 تومان', 'primarythings': '', 'discount': '0'}, {'name': 'قارچ سوخاری', 'price': '20,000 تومان', 'primarythings': '', 'discount': '0'}, {'name': 'نان سیر', 'price': '20,000 تومان', 'primarythings': '', 'discount': '0'}, {'name': 'پاستا سبزیجات', 'price': '38,000 تومان', 'primarythings': '', 'discount': '0'}, {'name': 'پاستا آلفردو', 'price': '43,000 تومان', 'primarythings': '', 'discount': '0'}, {'name': 'سالاد', 'price': 'قیمت از 22,000 تومان', 'primarythings': '', 'discount': '0'}, {'name': 'زیتون', 'price': 'قیمت از 28,000 تومان', 'primarythings': '', 'discount': '0'}, {'name': 'ماست', 'price': 'قیمت از 18,000 تومان', 'primarythings': '', 'discount': '0'}, {'name': 'ترشی مخلوط محلی', 'price': '18,000 تومان', 'primarythings': 'ترشی گل کلم، خیار شور، هویج', 'discount': '0'}, {'name': 'سوپ جو', 'price': '22,500 تومان', 'primarythings': '300گرم سوپ جو', 'discount': '0'}, {'name': 'سیر ترشی', 'price': '10,000 تومان', 'primarythings': '', 'discount': '0'}, {'name': 'سبزی خوردن', 'price': '25,000 تومان', 'primarythings': '', 'discount': '0'}, {'name': 'شولی یزدی', 'price': '10,000 تومان', 'primarythings': '', 'discount': '0'}, {'name': 'نوشابه', 'price': 'قیمت از 7,500 تومان', 'primarythings': '', 'discount': '0'}, {'name': 'دلستر شیشه استوایی', 'price': '13,500 تومان', 'primarythings': '', 'discount': '0'}, {'name': 'دلستر لیمو نعنا شیشه', 'price': '13,500 تومان', 'primarythings': '', 'discount': '0'}, {'name': 'دلستر', 'price': 'قیمت از 13,500 تومان', 'primarythings': '', 'discount': '0'}, {'name': 'دوغ', 'price': 'قیمت از 11,800 تومان', 'primarythings': '', 'discount': '0'}, {'name': 'آب معدنی', 'price': 'قیمت از 4,500 تومان', 'primarythings': '', 'discount': '0'}]",دارد (ارسال با آژانس),"ناهار شام
شنبه 11:00:00 تا 16:00:00 16:00:00 تا 23:35:00
یکشنبه 11:00:00 تا 16:00:00 16:00:00 تا 23:35:00
دوشنبه 11:00:00 تا 16:00:00 16:00:00 تا 23:35:00
سه شنبه 11:00:00 تا 16:00:00 16:00:00 تا 23:35:00
چهارشنبه 11:00:00 تا 16:00:00 16:00:00 تا 23:35:00
پنجشنبه 11:00:00 تا 16:00:00 16:00:00 تا 23:35:00
جمعه 12:00:00 تا 16:00:00 16:00:00 تا 23:35:00",بلوار بسیج، کوچه آذرباد، جنب اداره آب,"31.886834903520295,54.37652707121743"
8,رستوران سنتی عمارت عقیق,4.1,"25 تا 40 دقیقه
میانگین زمان ارسال","[{'name': 'سینی عقیق', 'price': 'قیمت از 357,000 تومان', 'primarythings': '', 'discount': '0'}, {'name': 'دیزی سنگی', 'price': '91,000 تومان', 'primarythings': 'دیزی سنگی ۳۰۰ گرم، ۱۰۰ گرم گوشت گوسفندی، سیب زمینی، نخود، گوجه، پیاز', 'discount': '0'}, {'name': 'میرزا قاسمی', 'price': '65,000 تومان', 'primarythings': '۲۰۰ گرم میرزا قاسمی، خیارشور، پیاز، نارنج یا لیمو، کلم قرمز، ۴ تکه نان تافتون', 'discount': '0'}, {'name': 'کشک بادمجون', 'price': '65,000 تومان', 'primarythings': '۲۰۰ گرم کشک بادمجان، خیارشور، پیاز، نارنج یا لیمو، کلم قرمز، ۴ تکه نان تافتون', 'discount': '0'}, {'name': 'کوفته تبریزی', 'price': '82,000 تومان', 'primarythings': '', 'discount': '0'}, {'name': 'کباب دیگی', 'price': '52,000 تومان', 'primarythings': '', 'discount': '0'}, {'name': 'ته\u200cچین قورمه سبزی', 'price': '45,000 تومان', 'primarythings': '', 'discount': '0'}, {'name': 'ته\u200cچین مرغ', 'price': '89,000 تومان', 'primarythings': '', 'discount': '0'}, {'name': 'ماهی قزل آلا', 'price': '102,000 تومان', 'primarythings': '', 'discount': '0'}, {'name': 'میگو پفکی', 'price': '70,000 تومان', 'primarythings': '', 'discount': '0'}, {'name': 'کباب سلطانی', 'price': '196,000 تومان', 'primarythings': '', 'discount': '0'}, {'name': 'کباب درباری', 'price': '125,000 تومان', 'primarythings': '', 'discount': '0'}, {'name': 'کباب شیشلیک', 'price': '352,000 تومان', 'primarythings': '', 'discount': '0'}, {'name': 'کباب قفقازی', 'price': '125,000 تومان', 'primarythings': 'یک سیخ کباب قفقازی ۱۰۰ گرم راسته گوسفندی ۱۰۰ گرم فیله مرغ زعفرانی، فلفل دلمه، پیاز، گوجه، خیارشور، نارنج یا لیمو، کلم قرمز، ۴ تکه نان تافتون', 'discount': '0'}, {'name': 'جوجه کباب بی استخوان', 'price': '83,000 تومان', 'primarythings': 'یک سیخ ۲۰۰ گرم فیله مرغ، فلفل دلمه، پیاز، گوجه، خیارشور، نارنج یا لیمو، کلم قرمز، ۴ تکه نان تافتون', 'discount': '0'}, {'name': 'جوجه کباب با استخوان', 'price': '95,000 تومان', 'primarythings': 'یک سیخ ۴۰۰ تا ۴۵۰ گرم جوجه با استخوان، فلفل دلمه، پیاز، گوجه، خیارشور، نارنج یا لیمو، کلم قرمز، ۴ تکه نان تافتون', 'discount': '0'}, {'name': 'کباب کوبیده دوسیخ', 'price': '82,000 تومان', 'primarythings': '۲ سیخ ۱۰۰ گرم گوشت گوسفندی، فلفل دلمه، پیاز، گوجه، خیارشور، نارنج یا لیمو، کلم قرمز، ۴ تکه نان تافتون', 'discount': '0'}, {'name': 'کباب چنجه', 'price': '155,000 تومان', 'primarythings': 'یک سیخ ۲۰۰ گرم راسته گوسفندی، فلفل دلمه، پیاز، گوجه، خیارشور، نارنج یا لیمو، کلم قرمز، ۴ تکه نان تافتون', 'discount': '0'}, {'name': 'کباب ترش', 'price': '165,000 تومان', 'primarythings': 'یک سیخ ۲۰۰ گرم راسته گوسفندی، رب انار، فلفل دلمه، پیاز، گوجه، خیارشور، نارنج یا لیمو، کلم قرمز، ۴ تکه نان تافتون', 'discount': '0'}, {'name': 'سیخ کوبیده', 'price': '41,000 تومان', 'primarythings': '۱ سیخ ۱۰۰ گرم گوشت گوسفندی، فلفل دلمه، پیاز، گوجه، خیارشور، نارنج یا لیمو، کلم قرمز، ۴ تکه نان تافتون', 'discount': '0'}, {'name': 'سیخ گوجه کبابی', 'price': '12,000 تومان', 'primarythings': 'یک سیخ گوجه کبابی شامل ۴ عدد گوجه کبابی', 'discount': '0'}, {'name': 'کباب برگ', 'price': '152,000 تومان', 'primarythings': 'یک سیخ ۲۰۰ گرم راسته گوسفندی،کاردی شده فلفل دلمه، پیاز، گوجه، خیارشور، نارنج یا لیمو، کلم قرمز، ۴ تکه نان تافتون', 'discount': '0'}, {'name': 'کباب بلغاری گوشت', 'price': '95,000 تومان', 'primarythings': '', 'discount': '0'}, {'name': 'کباب بلغاری مرغ', 'price': '88,000 تومان', 'primarythings': '', 'discount': '0'}, {'name': 'کباب لقمه نگین دار', 'price': '88,000 تومان', 'primarythings': '', 'discount': '0'}, {'name': 'بازو کبابی', 'price': '77,000 تومان', 'primarythings': '', 'discount': '0'}, {'name': 'پلو زعفرانی', 'price': '41,000 تومان', 'primarythings': '', 'discount': '0'}, {'name': 'نیم چلو زعفرانی', 'price': '21,000 تومان', 'primarythings': '', 'discount': '0'}, {'name': 'زرشک پلو', 'price': '45,000 تومان', 'primarythings': '۳۵۰ گرم برنج ایرانی، زرشک', 'discount': '0'}, {'name': 'کلم پلو', 'price': '37,000 تومان', 'primarythings': '', 'discount': '0'}, {'name': 'باقالی پلو', 'price': '19,500 تومان', 'primarythings': '', 'discount': '0'}, {'name': 'شیرین پلو', 'price': '19,500 تومان', 'primarythings': '', 'discount': '0'}, {'name': 'خوراک مرغ سرخ شده', 'price': '75,000 تومان', 'primarythings': '۳۵۰ گرم ران کامل سرخ شده، سس مخصوص، فلفل دلمه، پیاز، گوجه، خیارشور، نارنج یا لیمو، کلم قرمز، ۴ تکه نان تافتون', 'discount': '0'}, {'name': 'خوراک ماهیچه', 'price': '246,000 تومان', 'primarythings': '۴۰۰ تا ۴۵۰ گرم ماهیچه بره', 'discount': '0'}, {'name': 'خوراک گردن 2نفره', 'price': '270,000 تومان', 'primarythings': '', 'discount': '0'}, {'name': 'خوراک گردن تکنفره', 'price': '230,000 تومان', 'primarythings': '', 'discount': '0'}, {'name': 'خورشت قیمه', 'price': 'قیمت از 67,000 تومان', 'primarythings': '', 'discount': '0'}, {'name': 'خورشت فسنجان', 'price': '88,000 تومان', 'primarythings': '', 'discount': '0'}, {'name': 'خورشت قورمه سبزی', 'price': '67,000 تومان', 'primarythings': 'وزن خورشت ۲۵۰ تا ۳۰۰ گرم، ۳ تکه گوشت گوشت گوسفندی، پیاز، فلفل دلمه ای، خیارشور، نارنج', 'discount': '0'}, {'name': 'پیتزا ویژه عقیق', 'price': '153,000 تومان', 'primarythings': 'خمیر آمریکایی، کالباس پپرونی، گوشت رست بیف، قارچ، فلفل سبز، پنیر پیتزا، سس مخصوص', 'discount': '0'}, {'name': 'پیتزا سرآشپز عقیق', 'price': '143,000 تومان', 'primarythings': 'خمیر آمریکایی، ژامبون گوشت، ژامبون مرغ، پپرونی، قارچ، فلفل سبز، پنیر پیتزا، سس مخصوص', 'discount': '0'}, {'name': 'پیتزا مخصوص', 'price': '125,000 تومان', 'primarythings': 'خمیر آمریکایی، ژامبون گوشت، ژامبون مرغ، پپرونی، قارچ، فلفل سبز، پنیر پیتزا، سس مخصوص', 'discount': '0'}, {'name': 'پیتزا رست بیف', 'price': '158,000 تومان', 'primarythings': 'خمیر آمریکایی، گوشت ریش شده، قارچ، فلفل سبز، پنیر پیتزا، سس مخصوص', 'discount': '0'}, {'name': 'پیتزا گوشت و قارچ', 'price': '148,000 تومان', 'primarythings': 'خمیر آمریکایی، گوشت چرخ کرده مخلوط گوشت گوسفندی و گوساله، قارچ، فلفل سبز، پنیر پیتزا، سس مخصوص', 'discount': '0'}, {'name': 'پیتزا گوشت کبابی', 'price': '148,000 تومان', 'primarythings': 'خمیر آمریکایی، گوشت کباب شده مخلوط گوساله و گوسفندی، قارچ، فلفل سبز، پنیر پیتزا، سس مخصوص', 'discount': '0'}, {'name': 'پیتزا چیکن', 'price': '138,000 تومان', 'primarythings': 'خمیر آمریکایی، فیله مرغ، قارچ، فلفل سبز، پنیر پیتزا، سس مخصوص', 'discount': '0'}, {'name': 'پیتزا پپرونی', 'price': '137,000 تومان', 'primarythings': 'خمیر آمریکایی، ژامبون پپرونی، قارچ، فلفل سبز، پنیر پیتزا، سس مخصوص', 'discount': '0'}, {'name': 'پیتزا مکزیکی', 'price': '144,000 تومان', 'primarythings': 'خمیر آمریکایی سس تند مخلوط کالباس گوشت و مرغ فلفل دلمه پنیر پیتزا', 'discount': '0'}, {'name': 'پیتزا کوکتل', 'price': '135,000 تومان', 'primarythings': 'خمیر آمریکایی، کوکتل مخصوص، قارچ، فلفل سبز، پنیر پیتزا، سس مخصوص', 'discount': '0'}, {'name': 'پیتزا فیله سوخاری', 'price': '51,000 تومان', 'primarythings': '', 'discount': '0'}, {'name': 'پیتزا بیکن', 'price': '48,000 تومان', 'primarythings': '', 'discount': '0'}, {'name': 'همبرگر مخصوص', 'price': '55,000 تومان', 'primarythings': 'نان گرد، ۱۰۰ گرم برگر دستی مخلوط گوشت گوسفندی و گوساله،کاهو، گوجه، خیارشور، سس مخصوص', 'discount': '0'}, {'name': 'چیزبرگر', 'price': '65,000 تومان', 'primarythings': 'نان گرد، ۱۰۰ گرم برگر دستی مخلوط گوشت گوسفندی و گوساله،کاهو، گوجه، خیارشور، سس مخصوص، پنیر پیتزا،', 'discount': '0'}, {'name': 'دوبل برگر', 'price': '95,000 تومان', 'primarythings': 'نان گرد، ۲ عدد برگر دستی ۱۰۰ گرم مخلوط گوشت گوسفندی و گوساله،کاهو، گوجه، خیارشور، سس مخصوص', 'discount': '0'}, {'name': 'قارچ برگر', 'price': '70,000 تومان', 'primarythings': 'نان گرد، ۱۰۰ گرم برگر دستی مخلوط گوشت گوسفندی و گوساله،کاهو، گوجه، خیارشور، سس مخصوص، قارچ، پنیر پیتزا', 'discount': '0'}, {'name': 'هات داگ ویژه', 'price': '35,000 تومان', 'primarythings': '', 'discount': '0'}, {'name': 'ساندویچ فیله کریسپی', 'price': '30,000 تومان', 'primarythings': '', 'discount': '0'}, {'name': 'ساندویچ رست بیف', 'price': '36,000 تومان', 'primarythings': '', 'discount': '0'}, {'name': 'رویال برگر', 'price': '35,000 تومان', 'primarythings': '', 'discount': '0'}, {'name': 'فیله سوخاری', 'price': 'قیمت از 43,000 تومان', 'primarythings': '', 'discount': '0'}, {'name': 'سیب زمینی', 'price': 'قیمت از 22,000 تومان', 'primarythings': '', 'discount': '0'}, {'name': 'بازو سوخاری', 'price': '48,000 تومان', 'primarythings': '', 'discount': '0'}, {'name': 'قارچ سوخاری', 'price': '20,000 تومان', 'primarythings': '', 'discount': '0'}, {'name': 'نان سیر', 'price': '20,000 تومان', 'primarythings': '', 'discount': '0'}, {'name': 'پاستا سبزیجات', 'price': '38,000 تومان', 'primarythings': '', 'discount': '0'}, {'name': 'پاستا آلفردو', 'price': '43,000 تومان', 'primarythings': '', 'discount': '0'}, {'name': 'سالاد', 'price': 'قیمت از 22,000 تومان', 'primarythings': '', 'discount': '0'}, {'name': 'زیتون', 'price': 'قیمت از 28,000 تومان', 'primarythings': '', 'discount': '0'}, {'name': 'ماست', 'price': 'قیمت از 18,000 تومان', 'primarythings': '', 'discount': '0'}, {'name': 'ترشی مخلوط محلی', 'price': '18,000 تومان', 'primarythings': 'ترشی گل کلم، خیار شور، هویج', 'discount': '0'}, {'name': 'سوپ جو', 'price': '22,500 تومان', 'primarythings': '300گرم سوپ جو', 'discount': '0'}, {'name': 'سیر ترشی', 'price': '10,000 تومان', 'primarythings': '', 'discount': '0'}, {'name': 'سبزی خوردن', 'price': '25,000 تومان', 'primarythings': '', 'discount': '0'}, {'name': 'شولی یزدی', 'price': '10,000 تومان', 'primarythings': '', 'discount': '0'}, {'name': 'نوشابه', 'price': 'قیمت از 7,500 تومان', 'primarythings': '', 'discount': '0'}, {'name': 'دلستر شیشه استوایی', 'price': '13,500 تومان', 'primarythings': '', 'discount': '0'}, {'name': 'دلستر لیمو نعنا شیشه', 'price': '13,500 تومان', 'primarythings': '', 'discount': '0'}, {'name': 'دلستر', 'price': 'قیمت از 13,500 تومان', 'primarythings': '', 'discount': '0'}, {'name': 'دوغ', 'price': 'قیمت از 11,800 تومان', 'primarythings': '', 'discount': '0'}, {'name': 'آب معدنی', 'price': 'قیمت از 4,500 تومان', 'primarythings': '', 'discount': '0'}]",دارد (ارسال با آژانس),"ناهار شام
شنبه 11:00:00 تا 16:00:00 16:00:00 تا 23:35:00
یکشنبه 11:00:00 تا 16:00:00 16:00:00 تا 23:35:00
دوشنبه 11:00:00 تا 16:00:00 16:00:00 تا 23:35:00
سه شنبه 11:00:00 تا 16:00:00 16:00:00 تا 23:35:00
چهارشنبه 11:00:00 تا 16:00:00 16:00:00 تا 23:35:00
پنجشنبه 11:00:00 تا 16:00:00 16:00:00 تا 23:35:00
جمعه 12:00:00 تا 16:00:00 16:00:00 تا 23:35:00",بلوار بسیج، کوچه آذرباد، جنب اداره آب,"31.886834903520295,54.37652707121743"
9,رستوران خوان دوحد,3.8,"25 تا 50 دقیقه
میانگین زمان ارسال","[{'name': 'سینی سه نفره خوان دوحد', 'price': '357,000 تومان', 'primarythings': 'جوجه کباب، کباب قفقازی، کباب کوبیده 2سیخ، خورشت روز', 'discount': '0'}, {'name': 'سینی 4 نفره خوان دوحد', 'price': '460,000 تومان', 'primarythings': 'جوجه کباب، کباب قفقازی، کباب کوبیده 2سیخ، ماهی قزل، خورشت روز', 'discount': '0'}, {'name': 'سینی5نفره', 'price': '555,000 تومان', 'primarythings': 'جوجه کباب با استخوان، جوجه کباب بی استخوان، کباب قفقازی، کباب کوبیده 2سیخ، ماهی قزل، خورشت روز', 'discount': '0'}, {'name': 'جوجه کباب بی استخوان', 'price': '83,000 تومان', 'primarythings': '220گرم فیله مرغ', 'discount': '0'}, {'name': 'جوجه کباب با استخوان', 'price': '95,000 تومان', 'primarythings': 'یک سیخ جوجه بوزن450گرم مرغ زربال', 'discount': '0'}, {'name': 'کباب کوبیده 2سیخ', 'price': '90,000 تومان', 'primarythings': 'دوسیخ کوبیده باگوشت گوسفندی', 'discount': '0'}, {'name': 'کوبیده تک سیخ', 'price': '45,000 تومان', 'primarythings': '', 'discount': '0'}, {'name': 'کباب لقمه نگین دار', 'price': '95,000 تومان', 'primarythings': 'یک سیخ کباب باگوشت چرخ کرده بانگین جوجه', 'discount': '0'}, {'name': 'کباب سلطانی', 'price': '196,000 تومان', 'primarythings': 'یک سیخ برگ بایک سیخ کوبیده', 'discount': '0'}, {'name': 'کباب چنجه', 'price': '155,200 تومان', 'primarythings': '220گرم فیله گوسفندی', 'discount': '0'}, {'name': 'کباب ترش', 'price': '165,000 تومان', 'primarythings': 'فیله گوسفندی بارب انارو مغز گردو', 'discount': '0'}, {'name': 'کباب درباری', 'price': '125,000 تومان', 'primarythings': 'یک سیخ جوجه یک سیخ کوبیده', 'discount': '0'}, {'name': 'خوراک مرغ ویژه', 'price': '75,000 تومان', 'primarythings': 'ران مرغ سرخ شده باسس مخصوص', 'discount': '0'}, {'name': 'خوراک ماهی قزل آلا', 'price': '102,500 تومان', 'primarythings': 'ماهی سرخ شده بدون استخون', 'discount': '0'}, {'name': 'ته چین مرغ', 'price': '110,000 تومان', 'primarythings': 'برنج قالبی با مرغ', 'discount': '0'}, {'name': 'ته چین قورمه سبزی', 'price': '109,000 تومان', 'primarythings': 'برنج قالبی باقورمه سبزی', 'discount': '0'}, {'name': 'کباب قفقازی', 'price': '125,000 تومان', 'primarythings': 'میکس فیله مرغ وگوسفند وفلفل دلمه', 'discount': '0'}, {'name': 'بازو کبابی', 'price': '77,000 تومان', 'primarythings': 'پاچین مرغ', 'discount': '0'}, {'name': 'کوبیده مرغ 2سیخ', 'price': '40,000 تومان', 'primarythings': '', 'discount': '0'}, {'name': 'کوبیده مرغ تک سیخ', 'price': '20,000 تومان', 'primarythings': '', 'discount': '0'}, {'name': 'کباب دیگی', 'price': '85,000 تومان', 'primarythings': '3عدد کباب تابه ای باگوشت گوسفندی', 'discount': '0'}, {'name': 'بریانی گوشت هندی', 'price': '85,000 تومان', 'primarythings': 'برنج باگوشت و ادویه هندی', 'discount': '0'}, {'name': 'دیزی سنگی - آبگوشت', 'price': '91,500 تومان', 'primarythings': 'گوشت گوسفندی نخود سیب زمینی پیاز', 'discount': '0'}, {'name': 'کشک و بادمجان', 'price': '60,000 تومان', 'primarythings': 'بادمجون سرخ شده پیاز نعنا خشک', 'discount': '0'}, {'name': 'میرزا قاسمی', 'price': '58,000 تومان', 'primarythings': 'بادمجون کبابی سیر گوجه تخم مرغ', 'discount': '0'}, {'name': 'کوفته تبریزی', 'price': '78,000 تومان', 'primarythings': 'برنج گوشت و نخودو.....', 'discount': '0'}, {'name': 'کباب شیشلیک', 'price': '352,500 تومان', 'primarythings': '450گرم دنده گوسفندی', 'discount': '0'}, {'name': 'کباب بلغاری گوشت', 'price': '195,000 تومان', 'primarythings': 'رولت گوشت همراه باسبزیجات معطر', 'discount': '0'}, {'name': 'کباب بلغاری مرغ', 'price': '195,000 تومان', 'primarythings': '', 'discount': '0'}, {'name': 'خوراک ماهیچه', 'price': '195,000 تومان', 'primarythings': 'ماهیچه گوسفندی با سس مخصوص', 'discount': '0'}, {'name': 'خوراک گردن 2نفره', 'price': '367,000 تومان', 'primarythings': '', 'discount': '0'}, {'name': 'خوراک میگو سوخاری', 'price': '95,000 تومان', 'primarythings': '', 'discount': '0'}, {'name': 'خوراک میگو پفکی', 'price': '70,000 تومان', 'primarythings': '', 'discount': '0'}, {'name': 'پلو ساده', 'price': '42,000 تومان', 'primarythings': '', 'discount': '0'}, {'name': 'زرشک پلو', 'price': '46,000 تومان', 'primarythings': '', 'discount': '0'}, {'name': 'شیرین پلو', 'price': '52,000 تومان', 'primarythings': '', 'discount': '0'}, {'name': 'پلو نیم پرس ساده', 'price': '21,000 تومان', 'primarythings': '', 'discount': '0'}, {'name': 'باقالی پلو', 'price': '56,000 تومان', 'primarythings': '', 'discount': '0'}, {'name': 'خورشت فسنجان', 'price': '86,500 تومان', 'primarythings': '', 'discount': '0'}, {'name': 'خورشت قیمه', 'price': 'قیمت از 67,000 تومان', 'primarythings': '', 'discount': '0'}, {'name': 'خورشت قورمه سبزی', 'price': '67,000 تومان', 'primarythings': 'گوشت گوسفندی بالوبیا سبزی مخصوص', 'discount': '0'}, {'name': 'پیتزا ویزه بزرگ', 'price': '153,000 تومان', 'primarythings': 'کالباس پپرونی با گوشت ریش ریش فلفل دلمه قارچ سس مخصوص', 'discount': '0'}, {'name': 'پیتزا سرآشپز دوحد', 'price': '144,000 تومان', 'primarythings': 'ژامبون گوشت،ژامبون مرغ،ژامبون دوده،گوشت چرخ کرده،قارچ،فلفل دلمه،پنیر،سس مخصوص', 'discount': '0'}, {'name': 'پیتزا مخصوص دوحد', 'price': '125,000 تومان', 'primarythings': 'ژامبون گوشت،ژامبون مرغ،پپرونی،قارچ،فلفل دلمه،پنیر،سس مخصوص', 'discount': '0'}, {'name': 'پیتزا بیکن', 'price': '138,000 تومان', 'primarythings': '', 'discount': '0'}, {'name': 'پیتزا رست بیف', 'price': '158,000 تومان', 'primarythings': 'گوشت ریش ریش،قارچ،پنیر ،فلفل دلمه،سس مخصوص', 'discount': '0'}, {'name': 'پیتزا گوشت قارچ', 'price': '148,000 تومان', 'primarythings': 'گوشت چرخ کرده،قارچ،فلفل دلمه،پنیر،سس مخصوص', 'discount': '0'}, {'name': 'پیتزا پپرونی', 'price': '138,000 تومان', 'primarythings': 'کالباس پپرونی،قارچ،فلفل دلمه،پنیر،سس مخصصوص', 'discount': '0'}, {'name': 'پیتزا چیکن', 'price': '138,000 تومان', 'primarythings': 'فیله مرغ ریش ریش،قارچ،فلفل دلمه،پنیر،سس مخصوص', 'discount': '0'}, {'name': 'پیتزا مکزیکی', 'price': '144,000 تومان', 'primarythings': 'گوشت چرخ کننده تند،فلفل دلمه،قارچ،پنیر،سس مخصوص', 'discount': '0'}, {'name': 'پیتزا کوکتل', 'price': '123,000 تومان', 'primarythings': '', 'discount': '0'}, {'name': 'پیتزا گوشت کبابی', 'price': '148,000 تومان', 'primarythings': '', 'discount': '0'}, {'name': 'پیتزا فیله سوخاری', 'price': '148,000 تومان', 'primarythings': '', 'discount': '0'}, {'name': 'پیتزا گوشت سبزیجات', 'price': '62,000 تومان', 'primarythings': '', 'discount': '0'}, {'name': 'فیله سوخاری', 'price': 'قیمت از 128,000 تومان', 'primarythings': '', 'discount': '0'}, {'name': 'سیب زمینی', 'price': 'قیمت از 42,000 تومان', 'primarythings': '', 'discount': '0'}, {'name': 'بازو سوخاری 6 یا 7تیکه', 'price': '53,000 تومان', 'primarythings': '', 'discount': '0'}, {'name': 'قارچ سوخاری', 'price': '48,000 تومان', 'primarythings': '', 'discount': '0'}, {'name': 'نان سیر', 'price': '55,000 تومان', 'primarythings': '', 'discount': '0'}, {'name': 'پاستا سبزیجات', 'price': '78,000 تومان', 'primarythings': '', 'discount': '0'}, {'name': 'پاستا آلفردو', 'price': '82,000 تومان', 'primarythings': '', 'discount': '0'}, {'name': 'همبرگر', 'price': '48,000 تومان', 'primarythings': 'گوشت گوسفندی زغالیبا مخلفات', 'discount': '0'}, {'name': 'چیزبرگر', 'price': '54,000 تومان', 'primarythings': 'گوشت گوسفندی زغالی باپنیر ورقه ای', 'discount': '0'}, {'name': 'دوبل برگر', 'price': '72,000 تومان', 'primarythings': 'دوعدد گوشت گوسفندی زغالی با مخلفات', 'discount': '0'}, {'name': 'هات داگ ویژه', 'price': '65,000 تومان', 'primarythings': 'سوسیس هات داگ باپنیر و مخلفات', 'discount': '0'}, {'name': 'رویال برگر', 'price': '42,000 تومان', 'primarythings': '', 'discount': '0'}, {'name': 'ساندویچ فیله سوخاری', 'price': '75,000 تومان', 'primarythings': 'فیله سوخاری با مخلفات', 'discount': '0'}, {'name': 'ساندویچ رست بیف', 'price': '78,000 تومان', 'primarythings': 'با سس آلفردو،گوشت ریش ریش', 'discount': '0'}, {'name': 'سوپ', 'price': 'قیمت از 22,000 تومان', 'primarythings': '', 'discount': '0'}, {'name': 'ترشی', 'price': '18,000 تومان', 'primarythings': '', 'discount': '0'}, {'name': 'سبزی خوردن', 'price': '18,000 تومان', 'primarythings': '', 'discount': '0'}, {'name': 'ماست', 'price': 'قیمت از 18,000 تومان', 'primarythings': '', 'discount': '0'}, {'name': 'سالاد', 'price': 'قیمت از 22,000 تومان', 'primarythings': '', 'discount': '0'}, {'name': 'زیتون', 'price': 'قیمت از 28,000 تومان', 'primarythings': '', 'discount': '0'}, {'name': 'شولی', 'price': '22,500 تومان', 'primarythings': '', 'discount': '0'}, {'name': 'نوشابه', 'price': 'قیمت از 5,000 تومان', 'primarythings': '', 'discount': '0'}, {'name': 'دلستر قوطی', 'price': '13,500 تومان', 'primarythings': '', 'discount': '0'}, {'name': 'دوغ', 'price': '11,000 تومان', 'primarythings': '', 'discount': '0'}, {'name': 'آب معدنی', 'price': 'قیمت از 4,500 تومان', 'primarythings': '', 'discount': '0'}]",دارد (ارسال با آژانس),"ناهار شام
شنبه 12:15:00 تا 16:00:00 17:00:00 تا 23:00:00
یکشنبه 12:15:00 تا 16:00:00 17:00:00 تا 23:00:00
دوشنبه 12:15:00 تا 16:00:00 17:00:00 تا 23:00:00
سه شنبه 12:15:00 تا 16:00:00 17:00:00 تا 23:00:00
چهارشنبه 12:15:00 تا 16:00:00 17:00:00 تا 23:00:00
پنجشنبه 12:15:00 تا 16:00:00 17:00:00 تا 23:00:00
جمعه 12:15:00 تا 16:00:00 17:00:00 تا 23:00:00",یزد، بلوار شهید عاصی زاده,"31.888782351504922,54.3770062927797"
10,فست فود کرنوپیچ,4.5,"25 تا 55 دقیقه
میانگین زمان ارسال","[{'name': 'پیتزا سرآشپز', 'price': '140,000 تومان', 'primarythings': 'ژامبون،\u200cسس مخصوص، کوکتل، کالباس خشک و مرغ، قارچ، فلفل دلمه ای', 'discount': '0'}, {'name': 'پیتزا کرنوپیچ', 'price': '160,000 تومان', 'primarythings': 'سیب زمینی، کوکتل، کالباس خشک و مرغ، قارچ، فلفل دلمه ای', 'discount': '0'}, {'name': 'پیتزا آتن با پپرونی', 'price': '195,000 تومان', 'primarythings': 'گوشت رست بیف، سس مخصوص، قارچ، کالباس پپرونی، فلفل دلمه ای', 'discount': '0'}, {'name': 'پیتزا سرآشپز با کوکتل', 'price': '165,000 تومان', 'primarythings': 'ژامبون، کوکتل، مرغ رست، کالباس خشک و مرغ، قارچ، سس مخصوص پنیر پیتزا، فلفل دلمه', 'discount': '0'}, {'name': 'پیتزا استیک', 'price': '170,000 تومان', 'primarythings': 'گوشت استیک،\u200c قارچ،\u200c فلفل دلمه ای', 'discount': '0'}, {'name': 'پیتزا پپرونی', 'price': '155,000 تومان', 'primarythings': 'کالباس پپرونی، فلفل دلمه ای', 'discount': '0'}, {'name': 'پیتزا آتن', 'price': '179,000 تومان', 'primarythings': 'گوشت رست بیف، سس مخصوص، قارچ', 'discount': '0'}, {'name': 'پیتزا گوشت و قارچ', 'price': '168,000 تومان', 'primarythings': 'گوشت چرخ کرده،\u200c فلفل دلمه ای، قارچ', 'discount': '0'}, {'name': 'پیتزا مرغ و قارچ', 'price': '160,000 تومان', 'primarythings': 'مرغ رست، قارچ', 'discount': '0'}, {'name': 'پیتزا کوکتل با قارچ', 'price': '135,000 تومان', 'primarythings': 'کوکتل دودی، قارچ', 'discount': '0'}, {'name': 'پیتزا سوخاری', 'price': '175,000 تومان', 'primarythings': 'فیله استریپس، قارچ', 'discount': '0'}, {'name': 'پیتزا سبزیجات', 'price': '100,000 تومان', 'primarythings': 'ذرت،\u200c نخود فرنگی، هویج پخته، فلفل دلمه ای، گوجه فرنگی،\u200cزیتون', 'discount': '0'}, {'name': 'پیتزا چهارفصل', 'price': '230,000 تومان', 'primarythings': '۱/۴ پیتزا گوشت و قارچ، ۱/۴ پیتزا سرآشپز، ۱/۴ پیتزا پپرونی، ۱/۴ پیتزا سبزیجات', 'discount': '0'}, {'name': 'پاستا بیف آلفردو', 'price': '195,000 تومان', 'primarythings': '', 'discount': '0'}, {'name': 'چیکن استراگانف', 'price': '137,000 تومان', 'primarythings': '', 'discount': '0'}, {'name': 'بیف استراگانف', 'price': '195,000 تومان', 'primarythings': '', 'discount': '0'}, {'name': 'پاستا چیکن آلفردو', 'price': '137,000 تومان', 'primarythings': 'پنه ریگاته، گوشت مرغ، قارچ، جعفری، سس آلفردو، پنیر پارمسان', 'discount': '0'}, {'name': 'شاتوبریان', 'price': '240,000 تومان', 'primarythings': '۲۲۰ گرم گوشت فیله، سس قارچ، سیب زمینی،\u200cسالاد', 'discount': '0'}, {'name': 'استیک گوشت و پنیر', 'price': '250,000 تومان', 'primarythings': '۲۲۰ گرم گوشت فیله، پنیر موزارلا، سیب زمینی، سالاد', 'discount': '0'}, {'name': 'فیله استیک چیزبرگر', 'price': '265,000 تومان', 'primarythings': '۲۲۰ گرم گوشت فیله، ۳ لایه پنیر موزارلا، نان برگر، سیب زمینی، سالاد', 'discount': '0'}, {'name': 'فیله مرغ و قارچ', 'price': '149,000 تومان', 'primarythings': 'فیله مرغ، سس قارچ، سیب زمینی، سالاد', 'discount': '0'}, {'name': 'کباب چوبی با قارچ', 'price': '197,000 تومان', 'primarythings': '', 'discount': '0'}, {'name': 'خوراک چیزبرگر', 'price': '149,000 تومان', 'primarythings': 'چیز برگر، ۳ لایه پنیر پیتزا، سیب زمینی سرخ شده، سالاد', 'discount': '0'}, {'name': 'مرغ سوخاری نرمال', 'price': 'قیمت از 140,000 تومان', 'primarythings': '', 'discount': '0'}, {'name': 'فیله اسپایسی', 'price': 'قیمت از 134,000 تومان', 'primarythings': '', 'discount': '0'}, {'name': 'مرغ سوخاری اسپایسی', 'price': 'قیمت از 140,000 تومان', 'primarythings': '', 'discount': '0'}, {'name': 'فیله استریپس', 'price': 'قیمت از 134,000 تومان', 'primarythings': '', 'discount': '0'}, {'name': 'سبد سوخاری', 'price': '275,000 تومان', 'primarythings': '۳ تیکه بازو، ۳ تیکه بال، ۲ تیکه فیله، ۳ تیکه مرغ، سیب زمینی، ۳ عدد سالاد', 'discount': '0'}, {'name': 'بال و بازو سوخاری', 'price': '159,000 تومان', 'primarythings': '', 'discount': '0'}, {'name': 'بال سوخاری', 'price': '112,000 تومان', 'primarythings': '۶ تکه بال سوخاری، سیب زمینی، سرخ شده، سالاد کلم، سس چیلی تای، سس سیر، سس کچاپ، چنگال', 'discount': '0'}, {'name': 'بازو سوخاری', 'price': '130,000 تومان', 'primarythings': '۶ تکه بازو سوخاری، سیب زمینی، سرخ شده، سالاد کلم، سس چیلی تای، سس سیر، سس کچاپ، چنگال', 'discount': '0'}, {'name': 'ساندویچ زینگر', 'price': '95,000 تومان', 'primarythings': '', 'discount': '0'}, {'name': 'ساندویچ زینگر برگر', 'price': '132,000 تومان', 'primarythings': 'سینه سوخاری، برگر گوشت، پنیر گودا، گوجه فرنگی، کاهو', 'discount': '0'}, {'name': 'همبرگر مخصوص', 'price': '88,000 تومان', 'primarythings': '۱۵۰ گرم برگر گوشت، سس اسپرانتو، سبزیجات، خیارشور،\u200cگوجه فرنگی', 'discount': '0'}, {'name': 'رویال برگر', 'price': '170,000 تومان', 'primarythings': '۱۵۰ گرم برگر کوشت، سس اسپرانتو، فیله مرغ،\u200c ژامبون، بیکن، پنیر گودا، سبزیجات، خیارشور، گوجه فرنگی', 'discount': '0'}, {'name': 'چیزبرگر', 'price': '99,000 تومان', 'primarythings': '۱۵۰ گرم برگر گوشت، سس اسپرانتو، پنیر موزارلا، سبزیجات،\u200cخیارشور،\u200cگوجه فرنگی', 'discount': '0'}, {'name': 'قارچ برگر', 'price': '93,000 تومان', 'primarythings': '۱۵۰ گرم برگر گوشت، سس اسپرانتو،\u200c قارچ، سبزیجات،\u200c خیارشور، گوجه فرنگی', 'discount': '0'}, {'name': 'ساندویچ هات داگ', 'price': 'قیمت از 118,000 تومان', 'primarythings': '', 'discount': '0'}, {'name': 'بسته بندی', 'price': '3,000 تومان', 'primarythings': '', 'discount': '0'}, {'name': 'سالاد', 'price': '10,000 تومان', 'primarythings': '', 'discount': '0'}, {'name': 'سالاد سزار - ایتالیایی', 'price': '89,000 تومان', 'primarythings': 'سینه مرغ خرد و گریل شده', 'discount': '0'}, {'name': 'سالاد مخصوص با فیله سوخاری', 'price': '115,000 تومان', 'primarythings': '۲ تکه فیله مرغ سوخاری شده کامل', 'discount': '0'}, {'name': 'قارچ سوخاری', 'price': '65,000 تومان', 'primarythings': '', 'discount': '0'}, {'name': 'قارچ میکس با سیب زمینی', 'price': '87,000 تومان', 'primarythings': '', 'discount': '0'}, {'name': 'نان سیر', 'price': '70,000 تومان', 'primarythings': '', 'discount': '0'}, {'name': 'سیب زمینی', 'price': '59,000 تومان', 'primarythings': '', 'discount': '0'}, {'name': '**سیب زمینی با پنیر **', 'price': '73,000 تومان', 'primarythings': '', 'discount': '0'}, {'name': 'سس ها', 'price': 'قیمت از 4,000 تومان', 'primarythings': '', 'discount': '0'}, {'name': 'نوشابه', 'price': 'قیمت از 12,000 تومان', 'primarythings': '', 'discount': '0'}, {'name': 'ماالشعیر', 'price': '13,700 تومان', 'primarythings': '', 'discount': '0'}, {'name': 'دوغ', 'price': 'قیمت از 12,000 تومان', 'primarythings': '', 'discount': '0'}, {'name': 'آب معدنی', 'price': '3,000 تومان', 'primarythings': '', 'discount': '0'}, {'name': 'دسر', 'price': '15,000 تومان', 'primarythings': '', 'discount': '0'}]",ندارد,"ناهار شام
شنبه - 18:30:00 تا 23:30:00
یکشنبه - 18:30:00 تا 23:30:00
دوشنبه - 18:30:00 تا 23:30:00
سه شنبه - 18:30:00 تا 23:30:00
چهارشنبه - 18:30:00 تا 23:30:00
پنجشنبه - 18:30:00 تا 23:30:00
جمعه - 18:30:00 تا 23:30:00",یزد، صفاییه، بلوار دانشگاه، خیابان مجدالعلما، نبش مجدالعلما هفتم,"31.840357231024186,54.3667232986627"
11,فست فود هزارویکشب,4.4,"25 تا 60 دقیقه
میانگین زمان ارسال","[{'name': 'پیتزا هزار و یکشب', 'price': 'قیمت از 155,000 تومان', 'primarythings': '', 'discount': '0'}, {'name': 'پیتزا سرآشپز', 'price': 'قیمت از 155,000 تومان', 'primarythings': '', 'discount': '0'}, {'name': 'پیتزا پپرونی', 'price': 'قیمت از 160,000 تومان', 'primarythings': '', 'discount': '0'}, {'name': 'پیتزا مخصوص', 'price': 'قیمت از 100,000 تومان', 'primarythings': '', 'discount': '0'}, {'name': 'پیتزا مرغ و قارچ', 'price': 'قیمت از 120,000 تومان', 'primarythings': '', 'discount': '0'}, {'name': 'پیتزا رست بیف', 'price': 'قیمت از 140,000 تومان', 'primarythings': '', 'discount': '0'}, {'name': 'پیتزا گوشت و قارچ', 'price': 'قیمت از 165,000 تومان', 'primarythings': '', 'discount': '0'}, {'name': 'پیتزا مکزیکی', 'price': 'قیمت از 155,000 تومان', 'primarythings': '', 'discount': '0'}, {'name': 'پیتزا قارچ و پنیر', 'price': '130,000 تومان', 'primarythings': '', 'discount': '0'}, {'name': 'پیتزا سبزیجات', 'price': '130,000 تومان', 'primarythings': '', 'discount': '0'}, {'name': 'خوراک سیب زمینی تنوری', 'price': '75,000 تومان', 'primarythings': 'سیب زمینی سرخ شده، ژامبون، پنیر موزارلا، سیاه دانه', 'discount': '0'}, {'name': 'نان سیر', 'price': '75,000 تومان', 'primarythings': '', 'discount': '0'}, {'name': 'پیتزا ایتالیایی ورستل', 'price': '140,000 تومان', 'primarythings': 'کالباس ورق شده گوشت و مرغ - پنیر موزارلا - قارچ - فلفل دلمه - زیتون', 'discount': '0'}, {'name': 'پیتزا ایتالیایی چانو', 'price': '185,000 تومان', 'primarythings': 'گوشت ریش رست بیف + پنیر موزارلا +قارچ+فلفل دلمه + زیتون', 'discount': '0'}, {'name': 'پیتزا ایتالیایی پپرونی', 'price': '160,000 تومان', 'primarythings': 'کالباس پپرونی - پنیر موزارلا - فلفل دلمه - قارچ - زیتون', 'discount': '0'}, {'name': 'ایتالیایی مرغ', 'price': '160,000 تومان', 'primarythings': 'سینه ریش شده مرغ - پنیر موزارلا - قارچ - فلفل دلمه - زیتون', 'discount': '0'}, {'name': 'استریپس', 'price': 'قیمت از 20,000 تومان', 'primarythings': '', 'discount': '0'}, {'name': 'میکس سوخاری-بدون نوشابه', 'price': '160,000 تومان', 'primarythings': '3 تیکه فیله مرغ ،4تیکه بازو، سیب زمینی، سالاد کلم، نان', 'discount': '0'}, {'name': 'بازو سوخاری', 'price': 'قیمت از 15,000 تومان', 'primarythings': '', 'discount': '0'}, {'name': 'میکس استریپس بازو', 'price': '165,000 تومان', 'primarythings': '3 تیکه فیله مرغ،4 تیکه بازو، سیب زمینی، سالاد کلم، نوشابه بطری', 'discount': '0'}, {'name': 'قارچ سوخاری', 'price': '60,000 تومان', 'primarythings': '', 'discount': '0'}, {'name': 'سیب زمینی', 'price': '50,000 تومان', 'primarythings': '', 'discount': '0'}, {'name': 'سیب زمینی قارچ', 'price': '55,000 تومان', 'primarythings': '', 'discount': '0'}, {'name': 'نان لقمه', 'price': '2,000 تومان', 'primarythings': '', 'discount': '0'}, {'name': 'همبرگر مخصوص', 'price': '65,000 تومان', 'primarythings': '100گرم گوشت، گوجه، خیارشور، کاهو، سبزی، سس مخصوص', 'discount': '0'}, {'name': 'چیز برگر مخصوص', 'price': '80,000 تومان', 'primarythings': '100گرم گوشت،پنیر موزارلا، ژامبون ورق شده، گوجه، خیارشور، کاهو، سبزی، سس مخصوص', 'discount': '0'}, {'name': 'قارچ برگر مخصوص', 'price': '70,000 تومان', 'primarythings': '100گرم گوشت، قارچ، گوجه، خیارشور، کاهو، سبزی، سس مخصوص', 'discount': '0'}, {'name': 'نان همبر اضافه', 'price': '4,000 تومان', 'primarythings': '', 'discount': '0'}, {'name': 'ساندویچ کریسپی', 'price': '85,000 تومان', 'primarythings': 'فیله مرغ سوخاری، گوجه، خیارشور، سبزی، سس', 'discount': '0'}, {'name': 'ساندویچ سوپریم', 'price': '100,000 تومان', 'primarythings': 'فیله مرغ سوخاری، قارچ سرخ شده، پنیر ورقه ای گودا، سس', 'discount': '0'}, {'name': 'سالاد سزار', 'price': 'قیمت از 60,000 تومان', 'primarythings': '', 'discount': '0'}, {'name': 'سبزی-خیارشور', 'price': '10,000 تومان', 'primarythings': '', 'discount': '0'}, {'name': 'سالاد کلم', 'price': '10,000 تومان', 'primarythings': 'کلم برگ، نخودسبز، ذرت، سس', 'discount': '0'}, {'name': 'سس سیر', 'price': '2,000 تومان', 'primarythings': '', 'discount': '0'}, {'name': 'سس سزار', 'price': '20,000 تومان', 'primarythings': '', 'discount': '0'}, {'name': 'سس ساشه (پیتزا)', 'price': '2,000 تومان', 'primarythings': '', 'discount': '0'}, {'name': 'سس ساشه (همبرگر)', 'price': '1,500 تومان', 'primarythings': '', 'discount': '0'}, {'name': 'ساشه کچاپ(3عدد)', 'price': '3,000 تومان', 'primarythings': '', 'discount': '0'}, {'name': 'سس پمپی', 'price': '20,000 تومان', 'primarythings': '', 'discount': '0'}, {'name': 'نوشابه', 'price': 'قیمت از 8,000 تومان', 'primarythings': '', 'discount': '0'}, {'name': 'ماءالشعیر', 'price': 'قیمت از 13,700 تومان', 'primarythings': '', 'discount': '0'}, {'name': 'دوغ', 'price': 'قیمت از 8,000 تومان', 'primarythings': '', 'discount': '0'}, {'name': 'آب معدنی', 'price': '4,000 تومان', 'primarythings': '', 'discount': '0'}]",دارد (ارسال با آژانس),"ناهار شام
شنبه - 19:00:00 تا 00:30:00
یکشنبه - 19:00:00 تا 00:30:00
دوشنبه - 19:00:00 تا 00:30:00
سه شنبه - 19:00:00 تا 00:30:00
چهارشنبه - 19:00:00 تا 00:30:00
پنجشنبه - 19:00:00 تا 00:30:00
جمعه - 19:00:00 تا 00:30:00",بلوار شهیدصدوقی، روبروی بانک ملی,"31.883194504561754,54.34169795884373"
12,فست فود 27,4.7,"20 تا 50 دقیقه
میانگین زمان ارسال","[{'name': 'چیزبرگر', 'price': '80,000 تومان', 'primarythings': '', 'discount': '0'}, {'name': 'دوبل برگر', 'price': 'قیمت از 83,000 تومان', 'primarythings': '', 'discount': '0'}, {'name': 'برگر فیله مرغ ذغالی', 'price': 'قیمت از 61,000 تومان', 'primarythings': '', 'discount': '0'}, {'name': 'ساندویچ استیک ایتالیایی', 'price': 'قیمت از 93,000 تومان', 'primarythings': '', 'discount': '0'}, {'name': 'برگر مرغ ذغالی - چرخکرده', 'price': 'قیمت از 46,000 تومان', 'primarythings': '', 'discount': '0'}, {'name': 'همبرگر', 'price': '68,000 تومان', 'primarythings': 'یک عدد برگر دست ساز گوشت مخلوط گوساله و گوسفندی ۱۲۰ گرمی، گوجه، خیارشور، سبزی (تره، جعفری، ریحان) خرد شده، کلم، سس مخصوص، نان گرد فرانسوی', 'discount': '0'}, {'name': 'بره برگر', 'price': '83,000 تومان', 'primarythings': 'یک عدد برگر دست ساز گوشت گوسفندی ۱۲۰ گرمی، گوجه، خیارشور، سبزی (تره، جعفری، ریحان) خرد شده، کلم، سس مخصوص، نان گرد فرانسوی', 'discount': '0'}, {'name': 'گردو برگر', 'price': '77,000 تومان', 'primarythings': 'یک عدد برگر دست ساز گوشت مخلوط گوساله و گوسفندی ۱۲۰ گرمی، گردو برشته شده، گوجه، خیارشور، سبزی (تره، جعفری، ریحان) خرد شده، کلم، سس مخصوص، نان گرد فرانسوی', 'discount': '0'}, {'name': 'گودا برگر', 'price': '83,000 تومان', 'primarythings': 'یک عدد برگر دست ساز گوشت مخلوط گوساله و گوسفندی ۱۲۰ گرمی، ۳ ورق پنیر گودا، گوجه، خیارشور، سبزی (تره، جعفری، ریحان) خرد شده، کلم، سس مخصوص، نان گرد فرانسوی', 'discount': '0'}, {'name': 'قارچ برگر', 'price': '80,000 تومان', 'primarythings': 'یک عدد برگر دست ساز گوشت مخلوط گوساله و گوسفندی ۱۲۰ گرمی، قارچ، پنیر پیتزا، گوجه، خیارشور، سبزی (تره، جعفری، ریحان) خرد شده، کلم، سس مخصوص، نان گرد فرانسوی', 'discount': '0'}, {'name': 'رویال برگر', 'price': '83,000 تومان', 'primarythings': 'یک عدد برگر دست ساز گوشت مخلوط گوساله و گوسفندی ۱۲۰ گرمی، ژامبون گوشت ۸۰%، پنیر پیتزا، قارچ، گوجه، خیارشور، سبزی (تره، جعفری، ریحان) خرد شده، کلم، سس مخصوص، نان گرد فرانسوی', 'discount': '0'}, {'name': 'میکس برگر', 'price': '105,000 تومان', 'primarythings': 'یک عدد برگر دست ساز گوشت مخلوط گوساله و گوسفندی ۱۲۰ گرمی، یک عدد فیله مرغ گریل شده، ژامبون گوشت ۸۰%، پنیر گودا، گوجه، خیارشور، سبزی (تره، جعفری، ریحان) خرد شده، کلم، سس مخصوص، نان گرد فرانسوی', 'discount': '0'}, {'name': 'چیپس برگر', 'price': '74,000 تومان', 'primarythings': '', 'discount': '0'}, {'name': 'ساندویچ هات داگ پنیری', 'price': '55,000 تومان', 'primarythings': 'هات داگ ۸۰%، پنیر چدار، گوجه، خیارشور، کاهو، نان باگت فرانسوی', 'discount': '0'}, {'name': 'نان اضافه', 'price': '5,000 تومان', 'primarythings': '', 'discount': '0'}, {'name': 'مینی همبر', 'price': '15,500 تومان', 'primarythings': '', 'discount': '0'}, {'name': 'پیتزا سراشپز', 'price': 'قیمت از 113,000 تومان', 'primarythings': '', 'discount': '0'}, {'name': 'نان سیر', 'price': '43,000 تومان', 'primarythings': 'خمیر پیتزا آمریکایی ۱۸ سانتی متری، سس سیر، پنیر پیتزا، قارچ', 'discount': '0'}, {'name': 'پیتزا سراشپز', 'price': '150,000 تومان', 'primarythings': 'خمیر پیتزا آمریکایی، ژامبون گوشت و مرغ ۸۰%، گوشت مخلوط گوساله و گوسفندی چرخ شده، پنیر موزارلا، قارچ، فلفل دلمه ای', 'discount': '0'}, {'name': 'پیتزا پپرونی', 'price': 'قیمت از 102,000 تومان', 'primarythings': '', 'discount': '0'}, {'name': 'پیتزا رست بیف', 'price': 'قیمت از 135,000 تومان', 'primarythings': '', 'discount': '0'}, {'name': 'پیتزا سبزیجات', 'price': 'قیمت از 69,000 تومان', 'primarythings': '', 'discount': '0'}, {'name': 'پیتزا قارچ و پنیر', 'price': 'قیمت از 63,000 تومان', 'primarythings': '', 'discount': '0'}, {'name': 'پیتزا قارچ و گوشت', 'price': 'قیمت از 120,000 تومان', 'primarythings': '', 'discount': '0'}, {'name': 'پیتزا قارچ و مرغ', 'price': 'قیمت از 108,000 تومان', 'primarythings': '', 'discount': '0'}, {'name': 'پیتزا مخصوص', 'price': 'قیمت از 95,000 تومان', 'primarythings': '', 'discount': '0'}, {'name': 'ساندویچ فیله سوخاری', 'price': '82,000 تومان', 'primarythings': '۲ تکه فیله مرغ سوخاری، گوجه، خیارشور، کاهو، نان باگت فرانسوی', 'discount': '0'}, {'name': 'فیله سوخاری 3تکه', 'price': '120,000 تومان', 'primarythings': 'فیله مرغ نرمال، ۱۸۰ گرم سیب زمینی سرخ شده، یک عدد سالاد کلم، سس سیر', 'discount': '0'}, {'name': 'فیله سوخاری 5 تکه', 'price': '140,000 تومان', 'primarythings': 'فیله مرغ نرمال، ۱۸۰ گرم سیب زمینی سرخ شده، یک عدد سالاد کلم، سس سیر', 'discount': '0'}, {'name': 'فیله سوخاری 7 تکه', 'price': '160,000 تومان', 'primarythings': 'فیله مرغ نرمال، ۱۸۰ گرم سیب زمینی سرخ شده، یک عدد سالاد کلم، سس سیر', 'discount': '0'}, {'name': 'سس', 'price': 'قیمت از 1,000 تومان', 'primarythings': '', 'discount': '0'}, {'name': 'سالاد کلم', 'price': '6,000 تومان', 'primarythings': 'دست ساز، کلم، هویج، سس مایونز (یک نفره)', 'discount': '0'}, {'name': 'قارچ سوخاری2', 'price': '53,000 تومان', 'primarythings': '۲۰۰ گرم قارچ سوخاری', 'discount': '0'}, {'name': 'نوشابه', 'price': 'قیمت از 14,000 تومان', 'primarythings': '', 'discount': '0'}, {'name': 'آب ورسای', 'price': '7,000 تومان', 'primarythings': '', 'discount': '0'}, {'name': 'اسموتی', 'price': '35,000 تومان', 'primarythings': '', 'discount': '0'}, {'name': 'دوغ', 'price': 'قیمت از 12,000 تومان', 'primarythings': '', 'discount': '0'}, {'name': 'دلستر', 'price': 'قیمت از 13,500 تومان', 'primarythings': '', 'discount': '0'}, {'name': 'آب معدنی', 'price': '4,000 تومان', 'primarythings': '', 'discount': '0'}, {'name': 'نوشابه قوطی زیرو', 'price': '12,000 تومان', 'primarythings': '', 'discount': '0'}, {'name': 'نوشابه قوطی اسپرایت', 'price': '12,000 تومان', 'primarythings': '', 'discount': '0'}, {'name': 'نوشابه خانواده زرد', 'price': '21,500 تومان', 'primarythings': '', 'discount': '0'}, {'name': 'نوشابه خانواده اسپرایت', 'price': '21,500 تومان', 'primarythings': '', 'discount': '0'}, {'name': 'نوشابه قوطی زرد', 'price': '12,000 تومان', 'primarythings': '', 'discount': '0'}]",دارد (ارسال با آژانس),"ناهار شام
شنبه - 19:00:00 تا 23:59:00
یکشنبه - 19:00:00 تا 23:59:00
دوشنبه - 19:00:00 تا 23:59:00
سه شنبه - 19:00:00 تا 23:59:00
چهارشنبه - 19:00:00 تا 23:59:00
پنجشنبه - 19:00:00 تا 23:59:00
جمعه - 19:00:00 تا 23:59:00",صفاییه، خیابان منتظر فرج,"31.84738718442729,54.37219619750977"
